monthly_salary_more,monthly_salary_under,child_num,amount
770,775,0,0
775,780,0,0
780,785,0,0
785,790,0,0
790,795,0,0
795,800,0,0
800,805,0,0
805,810,0,0
810,815,0,0
815,820,0,0
820,825,0,0
825,830,0,0
830,835,0,0
835,840,0,0
840,845,0,0
845,850,0,0
850,855,0,0
855,860,0,0
860,865,0,0
865,870,0,0
870,875,0,0
875,880,0,0
880,885,0,0
885,890,0,0
890,895,0,0
895,900,0,0
900,905,0,0
905,910,0,0
910,915,0,0
915,920,0,0
920,925,0,0
925,930,0,0
930,935,0,0
935,940,0,0
940,945,0,0
945,950,0,0
950,955,0,0
955,960,0,0
960,965,0,0
965,970,0,0
970,975,0,0
975,980,0,0
980,985,0,0
985,990,0,0
990,995,0,0
995,1000,0,0
1000,1005,0,0
1005,1010,0,0
1010,1015,0,0
1015,1020,0,0
1020,1025,0,0
1025,1030,0,0
1030,1035,0,0
1035,1040,0,0
1040,1045,0,0
1045,1050,0,0
1050,1055,0,0
1055,1060,0,0
1060,1065,0,1040
1065,1070,0,1110
1070,1075,0,1180
1075,1080,0,1250
1080,1085,0,1320
1085,1090,0,1390
1090,1095,0,1460
1095,1100,0,1530
1100,1105,0,1600
1105,1110,0,1670
1110,1115,0,1740
1115,1120,0,1810
1120,1125,0,1880
1125,1130,0,1950
1130,1135,0,2020
1135,1140,0,2090
1140,1145,0,2160
1145,1150,0,2230
1150,1155,0,2300
1155,1160,0,2370
1160,1165,0,2440
1165,1170,0,2500
1170,1175,0,2570
1175,1180,0,2640
1180,1185,0,2710
1185,1190,0,2780
1190,1195,0,2850
1195,1200,0,2920
1200,1205,0,2990
1205,1210,0,3060
1210,1215,0,3130
1215,1220,0,3200
1220,1225,0,3270
1225,1230,0,3340
1230,1235,0,3410
1235,1240,0,3480
1240,1245,0,3550
1245,1250,0,3620
1250,1255,0,3700
1255,1260,0,3810
1260,1265,0,3910
1265,1270,0,4010
1270,1275,0,4120
1275,1280,0,4220
1280,1285,0,4320
1285,1290,0,4430
1290,1295,0,4530
1295,1300,0,4630
1300,1305,0,4740
1305,1310,0,4840
1310,1315,0,4940
1315,1320,0,5050
1320,1325,0,5150
1325,1330,0,5250
1330,1335,0,5360
1335,1340,0,5460
1340,1345,0,5560
1345,1350,0,5670
1350,1355,0,5770
1355,1360,0,5870
1360,1365,0,5980
1365,1370,0,6080
1370,1375,0,6180
1375,1380,0,6290
1380,1385,0,6390
1385,1390,0,6490
1390,1395,0,6600
1395,1400,0,6700
1400,1405,0,6800
1405,1410,0,6910
1410,1415,0,7010
1415,1420,0,7110
1420,1425,0,7210
1425,1430,0,7320
1430,1435,0,7420
1435,1440,0,7520
1440,1445,0,7630
1445,1450,0,7730
1450,1455,0,7830
1455,1460,0,7940
1460,1465,0,8040
1465,1470,0,8140
1470,1475,0,8250
1475,1480,0,8350
1480,1485,0,8450
1485,1490,0,8560
1490,1495,0,8660
1495,1500,0,8760
1500,1510,0,8920
1510,1520,0,9120
1520,1530,0,9330
1530,1540,0,9540
1540,1550,0,9740
1550,1560,0,9950
1560,1570,0,10160
1570,1580,0,10360
1580,1590,0,10570
1590,1600,0,10780
1600,1610,0,10980
1610,1620,0,11190
1620,1630,0,11400
1630,1640,0,11600
1640,1650,0,11810
1650,1660,0,12020
1660,1670,0,12220
1670,1680,0,12430
1680,1690,0,12640
1690,1700,0,12840
1700,1710,0,13050
1710,1720,0,13260
1720,1730,0,13460
1730,1740,0,13670
1740,1750,0,13880
1750,1760,0,14080
1760,1770,0,14290
1770,1780,0,14500
1780,1790,0,14700
1790,1800,0,14910
1800,1810,0,15110
1810,1820,0,15320
1820,1830,0,15530
1830,1840,0,15730
1840,1850,0,15940
1850,1860,0,16150
1860,1870,0,16350
1870,1880,0,16560
1880,1890,0,16770
1890,1900,0,16970
1900,1910,0,17180
1910,1920,0,17390
1920,1930,0,17590
1930,1940,0,17800
1940,1950,0,18010
1950,1960,0,18210
1960,1970,0,18420
1970,1980,0,18630
1980,1990,0,18880
1990,2000,0,19200
2000,2010,0,19520
2010,2020,0,19850
2020,2030,0,20170
2030,2040,0,20490
2040,2050,0,20810
2050,2060,0,21130
2060,2070,0,21450
2070,2080,0,21770
2080,2090,0,22090
2090,2100,0,22420
2100,2110,0,22740
2110,2120,0,23060
2120,2130,0,23380
2130,2140,0,23700
2140,2150,0,24020
2150,2160,0,24340
2160,2170,0,24660
2170,2180,0,24990
2180,2190,0,25310
2190,2200,0,25630
2200,2210,0,25950
2210,2220,0,26270
2220,2230,0,26590
2230,2240,0,26910
2240,2250,0,27240
2250,2260,0,27560
2260,2270,0,27880
2270,2280,0,28200
2280,2290,0,28520
2290,2300,0,28840
2300,2310,0,29160
2310,2320,0,29480
2320,2330,0,29810
2330,2340,0,30130
2340,2350,0,30450
2350,2360,0,30770
2360,2370,0,31090
2370,2380,0,31410
2380,2390,0,31730
2390,2400,0,32050
2400,2410,0,32380
2410,2420,0,32700
2420,2430,0,33020
2430,2440,0,33340
2440,2450,0,33660
2450,2460,0,33980
2460,2470,0,34300
2470,2480,0,34630
2480,2490,0,34950
2490,2500,0,35270
2500,2510,0,35600
2510,2520,0,35940
2520,2530,0,36280
2530,2540,0,36630
2540,2550,0,36970
2550,2560,0,37310
2560,2570,0,37650
2570,2580,0,38000
2580,2590,0,38340
2590,2600,0,38830
2600,2610,0,39690
2610,2620,0,40540
2620,2630,0,41400
2630,2640,0,42260
2640,2650,0,43110
2650,2660,0,43970
2660,2670,0,44820
2670,2680,0,45680
2680,2690,0,46540
2690,2700,0,47390
2700,2710,0,48250
2710,2720,0,49100
2720,2730,0,49960
2730,2740,0,50810
2740,2750,0,51670
2750,2760,0,52530
2760,2770,0,53380
2770,2780,0,54240
2780,2790,0,55090
2790,2800,0,55950
2800,2810,0,56800
2810,2820,0,57660
2820,2830,0,58520
2830,2840,0,59370
2840,2850,0,60230
2850,2860,0,61080
2860,2870,0,61940
2870,2880,0,62790
2880,2890,0,63650
2890,2900,0,64510
2900,2910,0,65360
2910,2920,0,66220
2920,2930,0,67070
2930,2940,0,67930
2940,2950,0,68780
2950,2960,0,69640
2960,2970,0,70500
2970,2980,0,71350
2980,2990,0,72210
2990,3000,0,73060
3000,3020,0,74350
3020,3040,0,76060
3040,3060,0,77770
3060,3080,0,79480
3080,3100,0,81190
3100,3120,0,82900
3120,3140,0,84620
3140,3160,0,86330
3160,3180,0,88040
3180,3200,0,89750
3200,3220,0,91460
3220,3240,0,93170
3240,3260,0,95430
3260,3280,0,97880
3280,3300,0,100320
3300,3320,0,102770
3320,3340,0,105210
3340,3360,0,107660
3360,3380,0,110100
3380,3400,0,112550
3400,3420,0,114990
3420,3440,0,117440
3440,3460,0,119880
3460,3480,0,122330
3480,3500,0,124770
3500,3520,0,127220
3520,3540,0,129660
3540,3560,0,132110
3560,3580,0,134550
3580,3600,0,137000
3600,3620,0,139440
3620,3640,0,141890
3640,3660,0,144330
3660,3680,0,146780
3680,3700,0,149220
3700,3720,0,151670
3720,3740,0,154110
3740,3760,0,156560
3760,3780,0,163920
3780,3800,0,166590
3800,3820,0,169260
3820,3840,0,171930
3840,3860,0,174600
3860,3880,0,177270
3880,3900,0,179940
3900,3920,0,182610
3920,3940,0,185280
3940,3960,0,187950
3960,3980,0,190620
3980,4000,0,193290
4000,4020,0,195960
4020,4040,0,198630
4040,4060,0,201300
4060,4080,0,203970
4080,4100,0,206640
4100,4120,0,209310
4120,4140,0,211980
4140,4160,0,214650
4160,4180,0,217320
4180,4200,0,219990
4200,4220,0,222660
4220,4240,0,225330
4240,4260,0,228000
4260,4280,0,230670
4280,4300,0,233340
4300,4320,0,236010
4320,4340,0,238680
4340,4360,0,241350
4360,4380,0,244020
4380,4400,0,246690
4400,4420,0,249360
4420,4440,0,252030
4440,4460,0,254700
4460,4480,0,257370
4480,4500,0,260040
4500,4520,0,262840
4520,4540,0,265650
4540,4560,0,268450
4560,4580,0,271260
4580,4600,0,276560
4600,4620,0,279370
4620,4640,0,282170
4640,4660,0,284980
4660,4680,0,287780
4680,4700,0,290590
4700,4720,0,293390
4720,4740,0,296200
4740,4760,0,299000
4760,4780,0,301810
4780,4800,0,304610
4800,4820,0,307420
4820,4840,0,310220
4840,4860,0,313030
4860,4880,0,315830
4880,4900,0,318640
4900,4920,0,321440
4920,4940,0,324250
4940,4960,0,327050
4960,4980,0,329860
4980,5000,0,332660
5000,5020,0,335470
5020,5040,0,338270
5040,5060,0,341080
5060,5080,0,343880
5080,5100,0,346690
5100,5120,0,349490
5120,5140,0,352300
5140,5160,0,355100
5160,5180,0,357910
5180,5200,0,360710
5200,5220,0,363520
5220,5240,0,366320
5240,5260,0,369130
5260,5280,0,371930
5280,5300,0,374740
5300,5320,0,377540
5320,5340,0,380350
5340,5360,0,383150
5360,5380,0,385960
5380,5400,0,388760
5400,5420,0,391570
5420,5440,0,394370
5440,5460,0,397180
5460,5480,0,399980
5480,5500,0,402790
5500,5520,0,405590
5520,5540,0,408400
5540,5560,0,411200
5560,5580,0,414010
5580,5600,0,416810
5600,5620,0,419620
5620,5640,0,422420
5640,5660,0,425230
5660,5680,0,428030
5680,5700,0,430840
5700,5720,0,433640
5720,5740,0,436450
5740,5760,0,439250
5760,5780,0,442060
5780,5800,0,444860
5800,5820,0,447670
5820,5840,0,450470
5840,5860,0,470380
5860,5880,0,475720
5880,5900,0,478690
5900,5920,0,483220
5920,5940,0,487760
5940,5960,0,492300
5960,5980,0,496830
5980,6000,0,501370
6000,6020,0,505900
6020,6040,0,510440
6040,6060,0,514980
6060,6080,0,519510
6080,6100,0,524050
6100,6120,0,528580
6120,6140,0,533120
6140,6160,0,537660
6160,6180,0,542190
6180,6200,0,546730
6200,6220,0,551260
6220,6240,0,555800
6240,6260,0,560340
6260,6280,0,564870
6280,6300,0,569410
6300,6320,0,573940
6320,6340,0,578480
6340,6360,0,583020
6360,6380,0,587550
6380,6400,0,592090
6400,6420,0,596620
6420,6440,0,601160
6440,6460,0,605700
6460,6480,0,610230
6480,6500,0,614770
6500,6520,0,619300
6520,6540,0,623840
6540,6560,0,628380
6560,6580,0,632910
6580,6600,0,637450
6600,6620,0,641980
6620,6640,0,646520
6640,6660,0,651060
6660,6680,0,655590
6680,6700,0,660130
6700,6720,0,664660
6720,6740,0,669200
6740,6760,0,673740
6760,6780,0,678270
6780,6800,0,682810
6800,6820,0,687340
6820,6840,0,691880
6840,6860,0,696420
6860,6880,0,700950
6880,6900,0,705490
6900,6920,0,710020
6920,6940,0,714560
6940,6960,0,719100
6960,6980,0,723630
6980,7000,0,728170
7000,7020,0,732700
7020,7040,0,737240
7040,7060,0,741780
7060,7080,0,746310
7080,7100,0,750850
7100,7120,0,755380
7120,7140,0,759920
7140,7160,0,764460
7160,7180,0,768990
7180,7200,0,773530
7200,7220,0,778060
7220,7240,0,782600
7240,7260,0,787140
7260,7280,0,791670
7280,7300,0,796210
7300,7320,0,800740
7320,7340,0,805280
7340,7360,0,809820
7360,7380,0,814350
7380,7400,0,818890
7400,7420,0,823420
7420,7440,0,827960
7440,7460,0,832500
7460,7480,0,837030
7480,7500,0,841570
7500,7520,0,846100
7520,7540,0,850640
7540,7560,0,855180
7560,7580,0,859710
7580,7600,0,864250
7600,7620,0,868780
7620,7640,0,873320
7640,7660,0,877860
7660,7680,0,882390
7680,7700,0,886930
7700,7720,0,891460
7720,7740,0,896000
7740,7760,0,900540
7760,7780,0,905070
7780,7800,0,909610
7800,7820,0,914140
7820,7840,0,918680
7840,7860,0,923220
7860,7880,0,927750
7880,7900,0,932290
7900,7920,0,936820
7920,7940,0,941360
7940,7960,0,945900
7960,7980,0,950430
7980,8000,0,954970
8000,8020,0,959500
8020,8040,0,964040
8040,8060,0,968580
8060,8080,0,973110
8080,8100,0,977650
8100,8120,0,982180
8120,8140,0,986720
8140,8160,0,991260
8160,8180,0,995790
8180,8200,0,1000330
8200,8220,0,1004860
8220,8240,0,1009400
8240,8260,0,1013940
8260,8280,0,1018470
8280,8300,0,1023010
8300,8320,0,1027540
8320,8340,0,1032080
8340,8360,0,1036740
8360,8380,0,1041420
8380,8400,0,1046100
8400,8420,0,1050780
8420,8440,0,1055460
8440,8460,0,1060140
8460,8480,0,1064820
8480,8500,0,1069500
8500,8520,0,1074180
8520,8540,0,1078860
8540,8560,0,1083540
8560,8580,0,1088220
8580,8600,0,1092900
8600,8620,0,1097580
8620,8640,0,1102260
8640,8660,0,1106940
8660,8680,0,1111620
8680,8700,0,1116300
8700,8720,0,1120980
8720,8740,0,1125660
8740,8760,0,1130340
8760,8780,0,1135020
8780,8800,0,1139700
8800,8820,0,1144380
8820,8840,0,1149060
8840,8860,0,1153740
8860,8880,0,1158420
8880,8900,0,1163100
8900,8920,0,1167780
8920,8940,0,1172460
8940,8960,0,1177140
8960,8980,0,1181820
8980,9000,0,1186500
9000,9020,0,1191180
9020,9040,0,1195860
9040,9060,0,1200540
9060,9080,0,1205220
9080,9100,0,1209900
9100,9120,0,1214580
9120,9140,0,1219260
9140,9160,0,1223940
9160,9180,0,1228620
9180,9200,0,1233300
9200,9220,0,1237980
9220,9240,0,1244640
9240,9260,0,1251470
9260,9280,0,1258290
9280,9300,0,1265120
9300,9320,0,1271940
9320,9340,0,1278770
9340,9360,0,1285590
9360,9380,0,1292420
9380,9400,0,1299240
9400,9420,0,1306070
9420,9440,0,1312890
9440,9460,0,1319720
9460,9480,0,1326540
9480,9500,0,1333370
9500,9520,0,1340190
9520,9540,0,1347020
9540,9560,0,1353840
9560,9580,0,1360670
9580,9600,0,1367490
9600,9620,0,1374320
9620,9640,0,1381140
9640,9660,0,1387970
9660,9680,0,1394790
9680,9700,0,1401620
9700,9720,0,1408440
9720,9740,0,1415270
9740,9760,0,1422090
9760,9780,0,1428920
9780,9800,0,1435740
9800,9820,0,1442570
9820,9840,0,1449390
9840,9860,0,1456220
9860,9880,0,1463040
9880,9900,0,1469870
9900,9920,0,1476690
9920,9940,0,1483520
9940,9960,0,1490340
9960,9980,0,1497170
9980,10000,0,1503990
770,775,1,0
775,780,1,0
780,785,1,0
785,790,1,0
790,795,1,0
795,800,1,0
800,805,1,0
805,810,1,0
810,815,1,0
815,820,1,0
820,825,1,0
825,830,1,0
830,835,1,0
835,840,1,0
840,845,1,0
845,850,1,0
850,855,1,0
855,860,1,0
860,865,1,0
865,870,1,0
870,875,1,0
875,880,1,0
880,885,1,0
885,890,1,0
890,895,1,0
895,900,1,0
900,905,1,0
905,910,1,0
910,915,1,0
915,920,1,0
920,925,1,0
925,930,1,0
930,935,1,0
935,940,1,0
940,945,1,0
945,950,1,0
950,955,1,0
955,960,1,0
960,965,1,0
965,970,1,0
970,975,1,0
975,980,1,0
980,985,1,0
985,990,1,0
990,995,1,0
995,1000,1,0
1000,1005,1,0
1005,1010,1,0
1010,1015,1,0
1015,1020,1,0
1020,1025,1,0
1025,1030,1,0
1030,1035,1,0
1035,1040,1,0
1040,1045,1,0
1045,1050,1,0
1050,1055,1,0
1055,1060,1,0
1060,1065,1,0
1065,1070,1,0
1070,1075,1,0
1075,1080,1,0
1080,1085,1,0
1085,1090,1,0
1090,1095,1,0
1095,1100,1,0
1100,1105,1,0
1105,1110,1,0
1110,1115,1,0
1115,1120,1,0
1120,1125,1,0
1125,1130,1,0
1130,1135,1,0
1135,1140,1,0
1140,1145,1,0
1145,1150,1,0
1150,1155,1,0
1155,1160,1,0
1160,1165,1,0
1165,1170,1,0
1170,1175,1,0
1175,1180,1,0
1180,1185,1,0
1185,1190,1,0
1190,1195,1,0
1195,1200,1,0
1200,1205,1,0
1205,1210,1,0
1210,1215,1,0
1215,1220,1,0
1220,1225,1,0
1225,1230,1,0
1230,1235,1,0
1235,1240,1,0
1240,1245,1,0
1245,1250,1,0
1250,1255,1,0
1255,1260,1,0
1260,1265,1,0
1265,1270,1,0
1270,1275,1,0
1275,1280,1,0
1280,1285,1,0
1285,1290,1,0
1290,1295,1,0
1295,1300,1,0
1300,1305,1,0
1305,1310,1,0
1310,1315,1,0
1315,1320,1,0
1320,1325,1,0
1325,1330,1,0
1330,1335,1,0
1335,1340,1,0
1340,1345,1,1060
1345,1350,1,1170
1350,1355,1,1270
1355,1360,1,1370
1360,1365,1,1480
1365,1370,1,1580
1370,1375,1,1680
1375,1380,1,1790
1380,1385,1,1890
1385,1390,1,1990
1390,1395,1,2100
1395,1400,1,2200
1400,1405,1,2300
1405,1410,1,2410
1410,1415,1,2510
1415,1420,1,2610
1420,1425,1,2710
1425,1430,1,2820
1430,1435,1,2920
1435,1440,1,3020
1440,1445,1,3130
1445,1450,1,3230
1450,1455,1,3330
1455,1460,1,3440
1460,1465,1,3540
1465,1470,1,3640
1470,1475,1,3750
1475,1480,1,3850
1480,1485,1,3950
1485,1490,1,4060
1490,1495,1,4160
1495,1500,1,4260
1500,1510,1,4420
1510,1520,1,4620
1520,1530,1,4830
1530,1540,1,5040
1540,1550,1,5240
1550,1560,1,5450
1560,1570,1,5660
1570,1580,1,5860
1580,1590,1,6070
1590,1600,1,6280
1600,1610,1,6480
1610,1620,1,6690
1620,1630,1,6900
1630,1640,1,7100
1640,1650,1,7310
1650,1660,1,7520
1660,1670,1,7720
1670,1680,1,7930
1680,1690,1,8140
1690,1700,1,8340
1700,1710,1,8550
1710,1720,1,8760
1720,1730,1,8960
1730,1740,1,9170
1740,1750,1,9380
1750,1760,1,9580
1760,1770,1,9790
1770,1780,1,10000
1780,1790,1,10200
1790,1800,1,10410
1800,1810,1,10610
1810,1820,1,10820
1820,1830,1,11030
1830,1840,1,11230
1840,1850,1,11440
1850,1860,1,11650
1860,1870,1,11850
1870,1880,1,12060
1880,1890,1,12270
1890,1900,1,12470
1900,1910,1,12680
1910,1920,1,12890
1920,1930,1,13090
1930,1940,1,13300
1940,1950,1,13510
1950,1960,1,13710
1960,1970,1,13920
1970,1980,1,14130
1980,1990,1,14330
1990,2000,1,14540
2000,2010,1,14750
2010,2020,1,14950
2020,2030,1,15160
2030,2040,1,15370
2040,2050,1,15570
2050,2060,1,15780
2060,2070,1,15990
2070,2080,1,16190
2080,2090,1,16400
2090,2100,1,16600
2100,2110,1,16810
2110,2120,1,17020
2120,2130,1,17220
2130,2140,1,17430
2140,2150,1,17640
2150,2160,1,17840
2160,2170,1,18050
2170,2180,1,18260
2180,2190,1,18460
2190,2200,1,18670
2200,2210,1,18950
2210,2220,1,19270
2220,2230,1,19590
2230,2240,1,19910
2240,2250,1,20240
2250,2260,1,20560
2260,2270,1,20880
2270,2280,1,21200
2280,2290,1,21520
2290,2300,1,21840
2300,2310,1,22160
2310,2320,1,22480
2320,2330,1,22810
2330,2340,1,23130
2340,2350,1,23450
2350,2360,1,23770
2360,2370,1,24090
2370,2380,1,24410
2380,2390,1,24730
2390,2400,1,25050
2400,2410,1,25380
2410,2420,1,25700
2420,2430,1,26020
2430,2440,1,26340
2440,2450,1,26660
2450,2460,1,26980
2460,2470,1,27300
2470,2480,1,27630
2480,2490,1,27950
2490,2500,1,28270
2500,2510,1,28600
2510,2520,1,28940
2520,2530,1,29280
2530,2540,1,29630
2540,2550,1,29970
2550,2560,1,30310
2560,2570,1,30650
2570,2580,1,31000
2580,2590,1,31340
2590,2600,1,31680
2600,2610,1,32020
2610,2620,1,32360
2620,2630,1,32710
2630,2640,1,33050
2640,2650,1,33390
2650,2660,1,33730
2660,2670,1,34080
2670,2680,1,34420
2680,2690,1,34760
2690,2700,1,35100
2700,2710,1,35450
2710,2720,1,35790
2720,2730,1,36130
2730,2740,1,36470
2740,2750,1,36810
2750,2760,1,37160
2760,2770,1,37500
2770,2780,1,37840
2780,2790,1,38180
2790,2800,1,38530
2800,2810,1,39300
2810,2820,1,40160
2820,2830,1,41020
2830,2840,1,41870
2840,2850,1,42730
2850,2860,1,43580
2860,2870,1,44440
2870,2880,1,45290
2880,2890,1,46150
2890,2900,1,47010
2900,2910,1,47860
2910,2920,1,48720
2920,2930,1,49570
2930,2940,1,50430
2940,2950,1,51280
2950,2960,1,52140
2960,2970,1,53000
2970,2980,1,53850
2980,2990,1,54710
2990,3000,1,55560
3000,3020,1,56850
3020,3040,1,58560
3040,3060,1,60270
3060,3080,1,61980
3080,3100,1,63690
3100,3120,1,65400
3120,3140,1,67120
3140,3160,1,68830
3160,3180,1,70540
3180,3200,1,72250
3200,3220,1,73960
3220,3240,1,75670
3240,3260,1,77380
3260,3280,1,79100
3280,3300,1,80810
3300,3320,1,82520
3320,3340,1,84230
3340,3360,1,85940
3360,3380,1,87650
3380,3400,1,89370
3400,3420,1,91080
3420,3440,1,92790
3440,3460,1,94880
3460,3480,1,97330
3480,3500,1,99770
3500,3520,1,102220
3520,3540,1,104660
3540,3560,1,107110
3560,3580,1,109550
3580,3600,1,112000
3600,3620,1,114440
3620,3640,1,116890
3640,3660,1,119330
3660,3680,1,121780
3680,3700,1,124220
3700,3720,1,126670
3720,3740,1,129110
3740,3760,1,131560
3760,3780,1,136090
3780,3800,1,138740
3800,3820,1,141400
3820,3840,1,144050
3840,3860,1,146710
3860,3880,1,149360
3880,3900,1,152020
3900,3920,1,154670
3920,3940,1,157330
3940,3960,1,159980
3960,3980,1,162640
3980,4000,1,165290
4000,4020,1,167950
4020,4040,1,170600
4040,4060,1,173260
4060,4080,1,175910
4080,4100,1,178570
4100,4120,1,181220
4120,4140,1,183880
4140,4160,1,186530
4160,4180,1,189190
4180,4200,1,191840
4200,4220,1,194500
4220,4240,1,197150
4240,4260,1,199810
4260,4280,1,202460
4280,4300,1,205120
4300,4320,1,207770
4320,4340,1,210430
4340,4360,1,213080
4360,4380,1,215740
4380,4400,1,218390
4400,4420,1,221050
4420,4440,1,223700
4440,4460,1,226360
4460,4480,1,229010
4480,4500,1,231670
4500,4520,1,234460
4520,4540,1,237250
4540,4560,1,240040
4560,4580,1,242830
4580,4600,1,248120
4600,4620,1,250910
4620,4640,1,253700
4640,4660,1,256490
4660,4680,1,259280
4680,4700,1,262070
4700,4720,1,264860
4720,4740,1,267650
4740,4760,1,270440
4760,4780,1,273230
4780,4800,1,276020
4800,4820,1,278810
4820,4840,1,281600
4840,4860,1,284390
4860,4880,1,287180
4880,4900,1,289970
4900,4920,1,292760
4920,4940,1,295550
4940,4960,1,298340
4960,4980,1,301130
4980,5000,1,303920
5000,5020,1,306710
5020,5040,1,309500
5040,5060,1,312290
5060,5080,1,315080
5080,5100,1,317870
5100,5120,1,320660
5120,5140,1,323450
5140,5160,1,326240
5160,5180,1,329030
5180,5200,1,331820
5200,5220,1,334610
5220,5240,1,337400
5240,5260,1,340190
5260,5280,1,342980
5280,5300,1,345770
5300,5320,1,348560
5320,5340,1,351350
5340,5360,1,354140
5360,5380,1,356930
5380,5400,1,359720
5400,5420,1,362510
5420,5440,1,365300
5440,5460,1,368090
5460,5480,1,370880
5480,5500,1,373670
5500,5520,1,376460
5520,5540,1,379250
5540,5560,1,382040
5560,5580,1,384830
5580,5600,1,387620
5600,5620,1,390410
5620,5640,1,393200
5640,5660,1,395990
5660,5680,1,398780
5680,5700,1,401570
5700,5720,1,404360
5720,5740,1,407150
5740,5760,1,409940
5760,5780,1,412730
5780,5800,1,415520
5800,5820,1,418310
5820,5840,1,421100
5840,5860,1,441000
5860,5880,1,446320
5880,5900,1,449140
5900,5920,1,451960
5920,5940,1,454780
5940,5960,1,457600
5960,5980,1,460420
5980,6000,1,463240
6000,6020,1,466060
6020,6040,1,468880
6040,6060,1,471700
6060,6080,1,474520
6080,6100,1,477340
6100,6120,1,481250
6120,6140,1,485760
6140,6160,1,490280
6160,6180,1,494790
6180,6200,1,499300
6200,6220,1,503810
6220,6240,1,508320
6240,6260,1,512840
6260,6280,1,517350
6280,6300,1,521860
6300,6320,1,526370
6320,6340,1,530880
6340,6360,1,535400
6360,6380,1,539910
6380,6400,1,544420
6400,6420,1,548930
6420,6440,1,553440
6440,6460,1,557960
6460,6480,1,562470
6480,6500,1,566980
6500,6520,1,571490
6520,6540,1,576000
6540,6560,1,580520
6560,6580,1,585030
6580,6600,1,589540
6600,6620,1,594050
6620,6640,1,598560
6640,6660,1,603080
6660,6680,1,607590
6680,6700,1,612100
6700,6720,1,616610
6720,6740,1,621120
6740,6760,1,625640
6760,6780,1,630150
6780,6800,1,634660
6800,6820,1,639170
6820,6840,1,643680
6840,6860,1,648200
6860,6880,1,652710
6880,6900,1,657220
6900,6920,1,661730
6920,6940,1,666240
6940,6960,1,670760
6960,6980,1,675270
6980,7000,1,679780
7000,7020,1,684290
7020,7040,1,688800
7040,7060,1,693320
7060,7080,1,697830
7080,7100,1,702340
7100,7120,1,706850
7120,7140,1,711360
7140,7160,1,715880
7160,7180,1,720390
7180,7200,1,724900
7200,7220,1,729410
7220,7240,1,733920
7240,7260,1,738440
7260,7280,1,742950
7280,7300,1,747460
7300,7320,1,751970
7320,7340,1,756480
7340,7360,1,761000
7360,7380,1,765510
7380,7400,1,770020
7400,7420,1,774530
7420,7440,1,779040
7440,7460,1,783560
7460,7480,1,788070
7480,7500,1,792580
7500,7520,1,797090
7520,7540,1,801600
7540,7560,1,806120
7560,7580,1,810630
7580,7600,1,815140
7600,7620,1,819650
7620,7640,1,824160
7640,7660,1,828680
7660,7680,1,833190
7680,7700,1,837700
7700,7720,1,842210
7720,7740,1,846720
7740,7760,1,851240
7760,7780,1,855750
7780,7800,1,860260
7800,7820,1,864770
7820,7840,1,869280
7840,7860,1,873800
7860,7880,1,878310
7880,7900,1,882820
7900,7920,1,887330
7920,7940,1,891840
7940,7960,1,896360
7960,7980,1,900870
7980,8000,1,905380
8000,8020,1,909890
8020,8040,1,914400
8040,8060,1,918920
8060,8080,1,923430
8080,8100,1,927940
8100,8120,1,932450
8120,8140,1,936960
8140,8160,1,941480
8160,8180,1,945990
8180,8200,1,950500
8200,8220,1,955010
8220,8240,1,959520
8240,8260,1,964040
8260,8280,1,968550
8280,8300,1,973060
8300,8320,1,977570
8320,8340,1,982080
8340,8360,1,986720
8360,8380,1,991370
8380,8400,1,996030
8400,8420,1,1000680
8420,8440,1,1005340
8440,8460,1,1010000
8460,8480,1,1014650
8480,8500,1,1019310
8500,8520,1,1023960
8520,8540,1,1028620
8540,8560,1,1033280
8560,8580,1,1037930
8580,8600,1,1042590
8600,8620,1,1047240
8620,8640,1,1051900
8640,8660,1,1056560
8660,8680,1,1061210
8680,8700,1,1065870
8700,8720,1,1070520
8720,8740,1,1075180
8740,8760,1,1079840
8760,8780,1,1084490
8780,8800,1,1089150
8800,8820,1,1093800
8820,8840,1,1098460
8840,8860,1,1103120
8860,8880,1,1107770
8880,8900,1,1112430
8900,8920,1,1117080
8920,8940,1,1121740
8940,8960,1,1126400
8960,8980,1,1131050
8980,9000,1,1135710
9000,9020,1,1140360
9020,9040,1,1145020
9040,9060,1,1149680
9060,9080,1,1154330
9080,9100,1,1158990
9100,9120,1,1163640
9120,9140,1,1168300
9140,9160,1,1172960
9160,9180,1,1177610
9180,9200,1,1182270
9200,9220,1,1186920
9220,9240,1,1191580
9240,9260,1,1196240
9260,9280,1,1200890
9280,9300,1,1205550
9300,9320,1,1210200
9320,9340,1,1214860
9340,9360,1,1219520
9360,9380,1,1224170
9380,9400,1,1228830
9400,9420,1,1233480
9420,9440,1,1238140
9440,9460,1,1244840
9460,9480,1,1251630
9480,9500,1,1258420
9500,9520,1,1265210
9520,9540,1,1272000
9540,9560,1,1278790
9560,9580,1,1285580
9580,9600,1,1292370
9600,9620,1,1299160
9620,9640,1,1305950
9640,9660,1,1312740
9660,9680,1,1319530
9680,9700,1,1326320
9700,9720,1,1333110
9720,9740,1,1339900
9740,9760,1,1346690
9760,9780,1,1353480
9780,9800,1,1360270
9800,9820,1,1367060
9820,9840,1,1373850
9840,9860,1,1380640
9860,9880,1,1387430
9880,9900,1,1394220
9900,9920,1,1401010
9920,9940,1,1407800
9940,9960,1,1414590
9960,9980,1,1421380
9980,10000,1,1428170
770,775,2,0
775,780,2,0
780,785,2,0
785,790,2,0
790,795,2,0
795,800,2,0
800,805,2,0
805,810,2,0
810,815,2,0
815,820,2,0
820,825,2,0
825,830,2,0
830,835,2,0
835,840,2,0
840,845,2,0
845,850,2,0
850,855,2,0
855,860,2,0
860,865,2,0
865,870,2,0
870,875,2,0
875,880,2,0
880,885,2,0
885,890,2,0
890,895,2,0
895,900,2,0
900,905,2,0
905,910,2,0
910,915,2,0
915,920,2,0
920,925,2,0
925,930,2,0
930,935,2,0
935,940,2,0
940,945,2,0
945,950,2,0
950,955,2,0
955,960,2,0
960,965,2,0
965,970,2,0
970,975,2,0
975,980,2,0
980,985,2,0
985,990,2,0
990,995,2,0
995,1000,2,0
1000,1005,2,0
1005,1010,2,0
1010,1015,2,0
1015,1020,2,0
1020,1025,2,0
1025,1030,2,0
1030,1035,2,0
1035,1040,2,0
1040,1045,2,0
1045,1050,2,0
1050,1055,2,0
1055,1060,2,0
1060,1065,2,0
1065,1070,2,0
1070,1075,2,0
1075,1080,2,0
1080,1085,2,0
1085,1090,2,0
1090,1095,2,0
1095,1100,2,0
1100,1105,2,0
1105,1110,2,0
1110,1115,2,0
1115,1120,2,0
1120,1125,2,0
1125,1130,2,0
1130,1135,2,0
1135,1140,2,0
1140,1145,2,0
1145,1150,2,0
1150,1155,2,0
1155,1160,2,0
1160,1165,2,0
1165,1170,2,0
1170,1175,2,0
1175,1180,2,0
1180,1185,2,0
1185,1190,2,0
1190,1195,2,0
1195,1200,2,0
1200,1205,2,0
1205,1210,2,0
1210,1215,2,0
1215,1220,2,0
1220,1225,2,0
1225,1230,2,0
1230,1235,2,0
1235,1240,2,0
1240,1245,2,0
1245,1250,2,0
1250,1255,2,0
1255,1260,2,0
1260,1265,2,0
1265,1270,2,0
1270,1275,2,0
1275,1280,2,0
1280,1285,2,0
1285,1290,2,0
1290,1295,2,0
1295,1300,2,0
1300,1305,2,0
1305,1310,2,0
1310,1315,2,0
1315,1320,2,0
1320,1325,2,0
1325,1330,2,0
1330,1335,2,0
1335,1340,2,0
1340,1345,2,0
1345,1350,2,0
1350,1355,2,0
1355,1360,2,0
1360,1365,2,0
1365,1370,2,0
1370,1375,2,0
1375,1380,2,0
1380,1385,2,0
1385,1390,2,0
1390,1395,2,0
1395,1400,2,0
1400,1405,2,0
1405,1410,2,0
1410,1415,2,0
1415,1420,2,0
1420,1425,2,0
1425,1430,2,0
1430,1435,2,0
1435,1440,2,0
1440,1445,2,0
1445,1450,2,0
1450,1455,2,0
1455,1460,2,0
1460,1465,2,0
1465,1470,2,0
1470,1475,2,0
1475,1480,2,0
1480,1485,2,0
1485,1490,2,0
1490,1495,2,0
1495,1500,2,0
1500,1510,2,0
1510,1520,2,0
1520,1530,2,0
1530,1540,2,0
1540,1550,2,0
1550,1560,2,0
1560,1570,2,0
1570,1580,2,0
1580,1590,2,0
1590,1600,2,0
1600,1610,2,0
1610,1620,2,0
1620,1630,2,0
1630,1640,2,0
1640,1650,2,0
1650,1660,2,0
1660,1670,2,0
1670,1680,2,0
1680,1690,2,0
1690,1700,2,0
1700,1710,2,0
1710,1720,2,0
1720,1730,2,1040
1730,1740,2,1240
1740,1750,2,1440
1750,1760,2,1640
1760,1770,2,1830
1770,1780,2,2030
1780,1790,2,2230
1790,1800,2,2430
1800,1810,2,2630
1810,1820,2,2830
1820,1830,2,3020
1830,1840,2,3220
1840,1850,2,3420
1850,1860,2,3620
1860,1870,2,3820
1870,1880,2,4020
1880,1890,2,4220
1890,1900,2,4410
1900,1910,2,4610
1910,1920,2,4810
1920,1930,2,5010
1930,1940,2,5210
1940,1950,2,5410
1950,1960,2,5600
1960,1970,2,5800
1970,1980,2,6000
1980,1990,2,6200
1990,2000,2,6400
2000,2010,2,6600
2010,2020,2,6800
2020,2030,2,6990
2030,2040,2,7190
2040,2050,2,7390
2050,2060,2,7590
2060,2070,2,7790
2070,2080,2,7990
2080,2090,2,8180
2090,2100,2,8380
2100,2110,2,8580
2110,2120,2,8780
2120,2130,2,8980
2130,2140,2,9180
2140,2150,2,9380
2150,2160,2,9570
2160,2170,2,9770
2170,2180,2,9970
2180,2190,2,10170
2190,2200,2,10370
2200,2210,2,10570
2210,2220,2,10760
2220,2230,2,10960
2230,2240,2,11160
2240,2250,2,11360
2250,2260,2,11560
2260,2270,2,11760
2270,2280,2,11960
2280,2290,2,12150
2290,2300,2,12350
2300,2310,2,12550
2310,2320,2,12750
2320,2330,2,12950
2330,2340,2,13150
2340,2350,2,13340
2350,2360,2,13540
2360,2370,2,13740
2370,2380,2,13940
2380,2390,2,14140
2390,2400,2,14340
2400,2410,2,14530
2410,2420,2,14730
2420,2430,2,14930
2430,2440,2,15130
2440,2450,2,15330
2450,2460,2,15530
2460,2470,2,15730
2470,2480,2,15920
2480,2490,2,16120
2490,2500,2,16320
2500,2510,2,16530
2510,2520,2,16740
2520,2530,2,16950
2530,2540,2,17160
2540,2550,2,17370
2550,2560,2,17590
2560,2570,2,17800
2570,2580,2,18010
2580,2590,2,18220
2590,2600,2,18430
2600,2610,2,18650
2610,2620,2,18920
2620,2630,2,19250
2630,2640,2,19580
2640,2650,2,19910
2650,2660,2,20240
2660,2670,2,20570
2670,2680,2,20900
2680,2690,2,21230
2690,2700,2,21560
2700,2710,2,21890
2710,2720,2,22220
2720,2730,2,22550
2730,2740,2,22880
2740,2750,2,23210
2750,2760,2,23540
2760,2770,2,23870
2770,2780,2,24200
2780,2790,2,24520
2790,2800,2,24850
2800,2810,2,25180
2810,2820,2,25510
2820,2830,2,25840
2830,2840,2,26170
2840,2850,2,26500
2850,2860,2,26830
2860,2870,2,27160
2870,2880,2,27490
2880,2890,2,27820
2890,2900,2,28150
2900,2910,2,28480
2910,2920,2,28810
2920,2930,2,29140
2930,2940,2,29470
2940,2950,2,29800
2950,2960,2,30130
2960,2970,2,30460
2970,2980,2,30790
2980,2990,2,31120
2990,3000,2,31450
3000,3020,2,31940
3020,3040,2,32600
3040,3060,2,33260
3060,3080,2,33920
3080,3100,2,34580
3100,3120,2,35240
3120,3140,2,35900
3140,3160,2,36560
3160,3180,2,37220
3180,3200,2,37880
3200,3220,2,38540
3220,3240,2,40120
3240,3260,2,41770
3260,3280,2,43420
3280,3300,2,45070
3300,3320,2,46720
3320,3340,2,48370
3340,3360,2,49940
3360,3380,2,51510
3380,3400,2,53070
3400,3420,2,54640
3420,3440,2,56200
3440,3460,2,57770
3460,3480,2,59330
3480,3500,2,60900
3500,3520,2,62460
3520,3540,2,64030
3540,3560,2,65590
3560,3580,2,67150
3580,3600,2,68720
3600,3620,2,70280
3620,3640,2,71850
3640,3660,2,73410
3660,3680,2,74980
3680,3700,2,76540
3700,3720,2,78110
3720,3740,2,79670
3740,3760,2,81230
3760,3780,2,84260
3780,3800,2,85970
3800,3820,2,87680
3820,3840,2,89390
3840,3860,2,91100
3860,3880,2,92820
3880,3900,2,94920
3900,3920,2,97370
3920,3940,2,99810
3940,3960,2,102260
3960,3980,2,104700
3980,4000,2,107150
4000,4020,2,109590
4020,4040,2,112040
4040,4060,2,114480
4060,4080,2,116930
4080,4100,2,119370
4100,4120,2,121820
4120,4140,2,124260
4140,4160,2,126710
4160,4180,2,129150
4180,4200,2,131600
4200,4220,2,134040
4220,4240,2,136490
4240,4260,2,138930
4260,4280,2,141380
4280,4300,2,143820
4300,4320,2,146270
4320,4340,2,148710
4340,4360,2,151160
4360,4380,2,153600
4380,4400,2,156050
4400,4420,2,158490
4420,4440,2,160940
4440,4460,2,163380
4460,4480,2,165830
4480,4500,2,168270
4500,4520,2,170850
4520,4540,2,173430
4540,4560,2,176010
4560,4580,2,178590
4580,4600,2,183670
4600,4620,2,186250
4620,4640,2,188830
4640,4660,2,191410
4660,4680,2,193990
4680,4700,2,196570
4700,4720,2,199150
4720,4740,2,201730
4740,4760,2,204310
4760,4780,2,206890
4780,4800,2,209470
4800,4820,2,212050
4820,4840,2,214630
4840,4860,2,217210
4860,4880,2,219790
4880,4900,2,222370
4900,4920,2,224950
4920,4940,2,227530
4940,4960,2,230110
4960,4980,2,232690
4980,5000,2,235270
5000,5020,2,237850
5020,5040,2,240430
5040,5060,2,243010
5060,5080,2,245590
5080,5100,2,248170
5100,5120,2,250750
5120,5140,2,253330
5140,5160,2,255910
5160,5180,2,258490
5180,5200,2,261070
5200,5220,2,263650
5220,5240,2,266230
5240,5260,2,268810
5260,5280,2,271390
5280,5300,2,273970
5300,5320,2,276550
5320,5340,2,279130
5340,5360,2,281710
5360,5380,2,284290
5380,5400,2,286870
5400,5420,2,289450
5420,5440,2,292030
5440,5460,2,294610
5460,5480,2,297190
5480,5500,2,299770
5500,5520,2,302350
5520,5540,2,304930
5540,5560,2,307510
5560,5580,2,310090
5580,5600,2,312670
5600,5620,2,315250
5620,5640,2,317830
5640,5660,2,320410
5660,5680,2,322990
5680,5700,2,325570
5700,5720,2,328150
5720,5740,2,330730
5740,5760,2,333310
5760,5780,2,335890
5780,5800,2,338470
5800,5820,2,341050
5820,5840,2,343630
5840,5860,2,372100
5860,5880,2,377240
5880,5900,2,379880
5900,5920,2,382520
5920,5940,2,385160
5940,5960,2,387800
5960,5980,2,390440
5980,6000,2,393080
6000,6020,2,395720
6020,6040,2,398360
6040,6060,2,401000
6060,6080,2,403640
6080,6100,2,406280
6100,6120,2,408920
6120,6140,2,411560
6140,6160,2,414200
6160,6180,2,416840
6180,6200,2,419480
6200,6220,2,422120
6220,6240,2,424760
6240,6260,2,427400
6260,6280,2,430040
6280,6300,2,432680
6300,6320,2,435320
6320,6340,2,437960
6340,6360,2,440600
6360,6380,2,443240
6380,6400,2,445880
6400,6420,2,448520
6420,6440,2,451160
6440,6460,2,453800
6460,6480,2,456440
6480,6500,2,459080
6500,6520,2,461720
6520,6540,2,464360
6540,6560,2,467000
6560,6580,2,469640
6580,6600,2,472280
6600,6620,2,474920
6620,6640,2,477560
6640,6660,2,481320
6660,6680,2,485540
6680,6700,2,489760
6700,6720,2,493990
6720,6740,2,498210
6740,6760,2,502440
6760,6780,2,506660
6780,6800,2,510880
6800,6820,2,515110
6820,6840,2,519330
6840,6860,2,523560
6860,6880,2,527780
6880,6900,2,532000
6900,6920,2,536230
6920,6940,2,540450
6940,6960,2,544680
6960,6980,2,548900
6980,7000,2,553120
7000,7020,2,557350
7020,7040,2,561570
7040,7060,2,565800
7060,7080,2,570020
7080,7100,2,574240
7100,7120,2,578470
7120,7140,2,582690
7140,7160,2,586920
7160,7180,2,591140
7180,7200,2,595360
7200,7220,2,599590
7220,7240,2,603810
7240,7260,2,608040
7260,7280,2,612260
7280,7300,2,616480
7300,7320,2,620710
7320,7340,2,624930
7340,7360,2,629160
7360,7380,2,633380
7380,7400,2,637600
7400,7420,2,641830
7420,7440,2,646050
7440,7460,2,650280
7460,7480,2,654500
7480,7500,2,658720
7500,7520,2,662950
7520,7540,2,667170
7540,7560,2,671400
7560,7580,2,675620
7580,7600,2,679840
7600,7620,2,684070
7620,7640,2,688290
7640,7660,2,692520
7660,7680,2,696740
7680,7700,2,700960
7700,7720,2,705190
7720,7740,2,709410
7740,7760,2,713640
7760,7780,2,717860
7780,7800,2,722080
7800,7820,2,726310
7820,7840,2,730530
7840,7860,2,734760
7860,7880,2,738980
7880,7900,2,743200
7900,7920,2,747430
7920,7940,2,751650
7940,7960,2,755880
7960,7980,2,760100
7980,8000,2,764320
8000,8020,2,768550
8020,8040,2,772770
8040,8060,2,777000
8060,8080,2,781220
8080,8100,2,785440
8100,8120,2,789670
8120,8140,2,793890
8140,8160,2,798120
8160,8180,2,802340
8180,8200,2,806560
8200,8220,2,810790
8220,8240,2,815010
8240,8260,2,819240
8260,8280,2,823460
8280,8300,2,827680
8300,8320,2,831910
8320,8340,2,836130
8340,8360,2,840480
8360,8380,2,844840
8380,8400,2,849210
8400,8420,2,853580
8420,8440,2,857950
8440,8460,2,862320
8460,8480,2,866680
8480,8500,2,871050
8500,8520,2,875420
8520,8540,2,879790
8540,8560,2,884160
8560,8580,2,888520
8580,8600,2,892890
8600,8620,2,897260
8620,8640,2,901630
8640,8660,2,906000
8660,8680,2,910360
8680,8700,2,914730
8700,8720,2,919100
8720,8740,2,923470
8740,8760,2,927840
8760,8780,2,932200
8780,8800,2,936570
8800,8820,2,940940
8820,8840,2,945310
8840,8860,2,949680
8860,8880,2,954040
8880,8900,2,958410
8900,8920,2,962780
8920,8940,2,967150
8940,8960,2,971520
8960,8980,2,975880
8980,9000,2,980250
9000,9020,2,984620
9020,9040,2,988990
9040,9060,2,993360
9060,9080,2,997720
9080,9100,2,1002090
9100,9120,2,1006460
9120,9140,2,1010830
9140,9160,2,1015200
9160,9180,2,1019560
9180,9200,2,1023930
9200,9220,2,1028300
9220,9240,2,1032670
9240,9260,2,1037040
9260,9280,2,1041400
9280,9300,2,1045770
9300,9320,2,1050140
9320,9340,2,1054510
9340,9360,2,1058880
9360,9380,2,1063240
9380,9400,2,1067610
9400,9420,2,1071980
9420,9440,2,1076350
9440,9460,2,1080720
9460,9480,2,1085080
9480,9500,2,1089450
9500,9520,2,1093820
9520,9540,2,1098190
9540,9560,2,1102560
9560,9580,2,1106920
9580,9600,2,1111290
9600,9620,2,1115660
9620,9640,2,1120030
9640,9660,2,1124400
9660,9680,2,1128760
9680,9700,2,1133130
9700,9720,2,1137500
9720,9740,2,1141870
9740,9760,2,1146240
9760,9780,2,1150600
9780,9800,2,1154970
9800,9820,2,1159340
9820,9840,2,1163710
9840,9860,2,1168080
9860,9880,2,1172440
9880,9900,2,1176810
9900,9920,2,1181180
9920,9940,2,1185550
9940,9960,2,1189920
9960,9980,2,1194280
9980,10000,2,1198650
770,775,3,0
775,780,3,0
780,785,3,0
785,790,3,0
790,795,3,0
795,800,3,0
800,805,3,0
805,810,3,0
810,815,3,0
815,820,3,0
820,825,3,0
825,830,3,0
830,835,3,0
835,840,3,0
840,845,3,0
845,850,3,0
850,855,3,0
855,860,3,0
860,865,3,0
865,870,3,0
870,875,3,0
875,880,3,0
880,885,3,0
885,890,3,0
890,895,3,0
895,900,3,0
900,905,3,0
905,910,3,0
910,915,3,0
915,920,3,0
920,925,3,0
925,930,3,0
930,935,3,0
935,940,3,0
940,945,3,0
945,950,3,0
950,955,3,0
955,960,3,0
960,965,3,0
965,970,3,0
970,975,3,0
975,980,3,0
980,985,3,0
985,990,3,0
990,995,3,0
995,1000,3,0
1000,1005,3,0
1005,1010,3,0
1010,1015,3,0
1015,1020,3,0
1020,1025,3,0
1025,1030,3,0
1030,1035,3,0
1035,1040,3,0
1040,1045,3,0
1045,1050,3,0
1050,1055,3,0
1055,1060,3,0
1060,1065,3,0
1065,1070,3,0
1070,1075,3,0
1075,1080,3,0
1080,1085,3,0
1085,1090,3,0
1090,1095,3,0
1095,1100,3,0
1100,1105,3,0
1105,1110,3,0
1110,1115,3,0
1115,1120,3,0
1120,1125,3,0
1125,1130,3,0
1130,1135,3,0
1135,1140,3,0
1140,1145,3,0
1145,1150,3,0
1150,1155,3,0
1155,1160,3,0
1160,1165,3,0
1165,1170,3,0
1170,1175,3,0
1175,1180,3,0
1180,1185,3,0
1185,1190,3,0
1190,1195,3,0
1195,1200,3,0
1200,1205,3,0
1205,1210,3,0
1210,1215,3,0
1215,1220,3,0
1220,1225,3,0
1225,1230,3,0
1230,1235,3,0
1235,1240,3,0
1240,1245,3,0
1245,1250,3,0
1250,1255,3,0
1255,1260,3,0
1260,1265,3,0
1265,1270,3,0
1270,1275,3,0
1275,1280,3,0
1280,1285,3,0
1285,1290,3,0
1290,1295,3,0
1295,1300,3,0
1300,1305,3,0
1305,1310,3,0
1310,1315,3,0
1315,1320,3,0
1320,1325,3,0
1325,1330,3,0
1330,1335,3,0
1335,1340,3,0
1340,1345,3,0
1345,1350,3,0
1350,1355,3,0
1355,1360,3,0
1360,1365,3,0
1365,1370,3,0
1370,1375,3,0
1375,1380,3,0
1380,1385,3,0
1385,1390,3,0
1390,1395,3,0
1395,1400,3,0
1400,1405,3,0
1405,1410,3,0
1410,1415,3,0
1415,1420,3,0
1420,1425,3,0
1425,1430,3,0
1430,1435,3,0
1435,1440,3,0
1440,1445,3,0
1445,1450,3,0
1450,1455,3,0
1455,1460,3,0
1460,1465,3,0
1465,1470,3,0
1470,1475,3,0
1475,1480,3,0
1480,1485,3,0
1485,1490,3,0
1490,1495,3,0
1495,1500,3,0
1500,1510,3,0
1510,1520,3,0
1520,1530,3,0
1530,1540,3,0
1540,1550,3,0
1550,1560,3,0
1560,1570,3,0
1570,1580,3,0
1580,1590,3,0
1590,1600,3,0
1600,1610,3,0
1610,1620,3,0
1620,1630,3,0
1630,1640,3,0
1640,1650,3,0
1650,1660,3,0
1660,1670,3,0
1670,1680,3,0
1680,1690,3,0
1690,1700,3,0
1700,1710,3,0
1710,1720,3,0
1720,1730,3,0
1730,1740,3,0
1740,1750,3,0
1750,1760,3,0
1760,1770,3,0
1770,1780,3,0
1780,1790,3,0
1790,1800,3,0
1800,1810,3,0
1810,1820,3,0
1820,1830,3,0
1830,1840,3,0
1840,1850,3,0
1850,1860,3,0
1860,1870,3,0
1870,1880,3,0
1880,1890,3,0
1890,1900,3,1040
1900,1910,3,1240
1910,1920,3,1440
1920,1930,3,1630
1930,1940,3,1830
1940,1950,3,2030
1950,1960,3,2230
1960,1970,3,2430
1970,1980,3,2630
1980,1990,3,2820
1990,2000,3,3020
2000,2010,3,3220
2010,2020,3,3420
2020,2030,3,3620
2030,2040,3,3820
2040,2050,3,4020
2050,2060,3,4210
2060,2070,3,4410
2070,2080,3,4610
2080,2090,3,4810
2090,2100,3,5010
2100,2110,3,5210
2110,2120,3,5400
2120,2130,3,5600
2130,2140,3,5800
2140,2150,3,6000
2150,2160,3,6200
2160,2170,3,6400
2170,2180,3,6600
2180,2190,3,6790
2190,2200,3,6990
2200,2210,3,7190
2210,2220,3,7390
2220,2230,3,7590
2230,2240,3,7790
2240,2250,3,7980
2250,2260,3,8180
2260,2270,3,8380
2270,2280,3,8580
2280,2290,3,8780
2290,2300,3,8980
2300,2310,3,9180
2310,2320,3,9370
2320,2330,3,9570
2330,2340,3,9770
2340,2350,3,9970
2350,2360,3,10170
2360,2370,3,10370
2370,2380,3,10560
2380,2390,3,10760
2390,2400,3,10960
2400,2410,3,11160
2410,2420,3,11360
2420,2430,3,11560
2430,2440,3,11760
2440,2450,3,11950
2450,2460,3,12150
2460,2470,3,12350
2470,2480,3,12550
2480,2490,3,12750
2490,2500,3,12950
2500,2510,3,13150
2510,2520,3,13360
2520,2530,3,13580
2530,2540,3,13790
2540,2550,3,14000
2550,2560,3,14210
2560,2570,3,14420
2570,2580,3,14630
2580,2590,3,14850
2590,2600,3,15060
2600,2610,3,15270
2610,2620,3,15480
2620,2630,3,15690
2630,2640,3,15910
2640,2650,3,16120
2650,2660,3,16330
2660,2670,3,16540
2670,2680,3,16750
2680,2690,3,16970
2690,2700,3,17180
2700,2710,3,17390
2710,2720,3,17600
2720,2730,3,17810
2730,2740,3,18030
2740,2750,3,18240
2750,2760,3,18450
2760,2770,3,18660
2770,2780,3,18950
2780,2790,3,19270
2790,2800,3,19600
2800,2810,3,19930
2810,2820,3,20260
2820,2830,3,20590
2830,2840,3,20920
2840,2850,3,21250
2850,2860,3,21580
2860,2870,3,21910
2870,2880,3,22240
2880,2890,3,22570
2890,2900,3,22900
2900,2910,3,23230
2910,2920,3,23560
2920,2930,3,23890
2930,2940,3,24220
2940,2950,3,24550
2950,2960,3,24880
2960,2970,3,25210
2970,2980,3,25540
2980,2990,3,25870
2990,3000,3,26200
3000,3020,3,26690
3020,3040,3,27350
3040,3060,3,28010
3060,3080,3,28670
3080,3100,3,29330
3100,3120,3,29990
3120,3140,3,30650
3140,3160,3,31310
3160,3180,3,31970
3180,3200,3,32630
3200,3220,3,33290
3220,3240,3,33950
3240,3260,3,34610
3260,3280,3,35270
3280,3300,3,35920
3300,3320,3,36580
3320,3340,3,37240
3340,3360,3,37870
3360,3380,3,38500
3380,3400,3,39950
3400,3420,3,41510
3420,3440,3,43080
3440,3460,3,44640
3460,3480,3,46210
3480,3500,3,47770
3500,3520,3,49340
3520,3540,3,50900
3540,3560,3,52460
3560,3580,3,54030
3580,3600,3,55590
3600,3620,3,57160
3620,3640,3,58720
3640,3660,3,60290
3660,3680,3,61850
3680,3700,3,63420
3700,3720,3,64980
3720,3740,3,66550
3740,3760,3,68110
3760,3780,3,71130
3780,3800,3,72850
3800,3820,3,74560
3820,3840,3,76270
3840,3860,3,77980
3860,3880,3,79690
3880,3900,3,81400
3900,3920,3,83110
3920,3940,3,84830
3940,3960,3,86540
3960,3980,3,88250
3980,4000,3,89960
4000,4020,3,91670
4020,4040,3,93380
4040,4060,3,95730
4060,4080,3,98180
4080,4100,3,100620
4100,4120,3,103070
4120,4140,3,105510
4140,4160,3,107960
4160,4180,3,110400
4180,4200,3,112850
4200,4220,3,115290
4220,4240,3,117740
4240,4260,3,120180
4260,4280,3,122630
4280,4300,3,125070
4300,4320,3,127520
4320,4340,3,129960
4340,4360,3,132410
4360,4380,3,134850
4380,4400,3,137300
4400,4420,3,139740
4420,4440,3,142190
4440,4460,3,144630
4460,4480,3,147080
4480,4500,3,149520
4500,4520,3,152100
4520,4540,3,154680
4540,4560,3,157260
4560,4580,3,159840
4580,4600,3,164920
4600,4620,3,167500
4620,4640,3,170080
4640,4660,3,172660
4660,4680,3,175240
4680,4700,3,177820
4700,4720,3,180400
4720,4740,3,182980
4740,4760,3,185560
4760,4780,3,188140
4780,4800,3,190720
4800,4820,3,193300
4820,4840,3,195880
4840,4860,3,198460
4860,4880,3,201040
4880,4900,3,203620
4900,4920,3,206200
4920,4940,3,208780
4940,4960,3,211360
4960,4980,3,213940
4980,5000,3,216520
5000,5020,3,219100
5020,5040,3,221680
5040,5060,3,224260
5060,5080,3,226840
5080,5100,3,229420
5100,5120,3,232000
5120,5140,3,234580
5140,5160,3,237160
5160,5180,3,239740
5180,5200,3,242320
5200,5220,3,244900
5220,5240,3,247480
5240,5260,3,250060
5260,5280,3,252640
5280,5300,3,255220
5300,5320,3,257800
5320,5340,3,260380
5340,5360,3,262960
5360,5380,3,265540
5380,5400,3,268120
5400,5420,3,270700
5420,5440,3,273280
5440,5460,3,275860
5460,5480,3,278440
5480,5500,3,281020
5500,5520,3,283600
5520,5540,3,286180
5540,5560,3,288760
5560,5580,3,291340
5580,5600,3,293920
5600,5620,3,296500
5620,5640,3,299080
5640,5660,3,301660
5660,5680,3,304240
5680,5700,3,306820
5700,5720,3,309400
5720,5740,3,311980
5740,5760,3,314560
5760,5780,3,317140
5780,5800,3,319720
5800,5820,3,322300
5820,5840,3,324880
5840,5860,3,353350
5860,5880,3,358490
5880,5900,3,361130
5900,5920,3,363770
5920,5940,3,366410
5940,5960,3,369050
5960,5980,3,371690
5980,6000,3,374330
6000,6020,3,376970
6020,6040,3,379610
6040,6060,3,382250
6060,6080,3,384890
6080,6100,3,387530
6100,6120,3,390170
6120,6140,3,392810
6140,6160,3,395450
6160,6180,3,398090
6180,6200,3,400730
6200,6220,3,403370
6220,6240,3,406010
6240,6260,3,408650
6260,6280,3,411290
6280,6300,3,413930
6300,6320,3,416570
6320,6340,3,419210
6340,6360,3,421850
6360,6380,3,424490
6380,6400,3,427130
6400,6420,3,429770
6420,6440,3,432410
6440,6460,3,435050
6460,6480,3,437690
6480,6500,3,440330
6500,6520,3,442970
6520,6540,3,445610
6540,6560,3,448250
6560,6580,3,450890
6580,6600,3,453530
6600,6620,3,456170
6620,6640,3,458810
6640,6660,3,461450
6660,6680,3,464090
6680,6700,3,466730
6700,6720,3,469370
6720,6740,3,472010
6740,6760,3,474650
6760,6780,3,477290
6780,6800,3,480880
6800,6820,3,485110
6820,6840,3,489330
6840,6860,3,493560
6860,6880,3,497780
6880,6900,3,502000
6900,6920,3,506230
6920,6940,3,510450
6940,6960,3,514680
6960,6980,3,518900
6980,7000,3,523120
7000,7020,3,527350
7020,7040,3,531570
7040,7060,3,535800
7060,7080,3,540020
7080,7100,3,544240
7100,7120,3,548470
7120,7140,3,552690
7140,7160,3,556920
7160,7180,3,561140
7180,7200,3,565360
7200,7220,3,569590
7220,7240,3,573810
7240,7260,3,578040
7260,7280,3,582260
7280,7300,3,586480
7300,7320,3,590710
7320,7340,3,594930
7340,7360,3,599160
7360,7380,3,603380
7380,7400,3,607600
7400,7420,3,611830
7420,7440,3,616050
7440,7460,3,620280
7460,7480,3,624500
7480,7500,3,628720
7500,7520,3,632950
7520,7540,3,637170
7540,7560,3,641400
7560,7580,3,645620
7580,7600,3,649840
7600,7620,3,654070
7620,7640,3,658290
7640,7660,3,662520
7660,7680,3,666740
7680,7700,3,670960
7700,7720,3,675190
7720,7740,3,679410
7740,7760,3,683640
7760,7780,3,687860
7780,7800,3,692080
7800,7820,3,696310
7820,7840,3,700530
7840,7860,3,704760
7860,7880,3,708980
7880,7900,3,713200
7900,7920,3,717430
7920,7940,3,721650
7940,7960,3,725880
7960,7980,3,730100
7980,8000,3,734320
8000,8020,3,738550
8020,8040,3,742770
8040,8060,3,747000
8060,8080,3,751220
8080,8100,3,755440
8100,8120,3,759670
8120,8140,3,763890
8140,8160,3,768120
8160,8180,3,772340
8180,8200,3,776560
8200,8220,3,780790
8220,8240,3,785010
8240,8260,3,789240
8260,8280,3,793460
8280,8300,3,797680
8300,8320,3,801910
8320,8340,3,806130
8340,8360,3,810480
8360,8380,3,814840
8380,8400,3,819210
8400,8420,3,823580
8420,8440,3,827950
8440,8460,3,832320
8460,8480,3,836680
8480,8500,3,841050
8500,8520,3,845420
8520,8540,3,849790
8540,8560,3,854160
8560,8580,3,858520
8580,8600,3,862890
8600,8620,3,867260
8620,8640,3,871630
8640,8660,3,876000
8660,8680,3,880360
8680,8700,3,884730
8700,8720,3,889100
8720,8740,3,893470
8740,8760,3,897840
8760,8780,3,902200
8780,8800,3,906570
8800,8820,3,910940
8820,8840,3,915310
8840,8860,3,919680
8860,8880,3,924040
8880,8900,3,928410
8900,8920,3,932780
8920,8940,3,937150
8940,8960,3,941520
8960,8980,3,945880
8980,9000,3,950250
9000,9020,3,954620
9020,9040,3,958990
9040,9060,3,963360
9060,9080,3,967720
9080,9100,3,972090
9100,9120,3,976460
9120,9140,3,980830
9140,9160,3,985200
9160,9180,3,989560
9180,9200,3,993930
9200,9220,3,998300
9220,9240,3,1002670
9240,9260,3,1007040
9260,9280,3,1011400
9280,9300,3,1015770
9300,9320,3,1020140
9320,9340,3,1024510
9340,9360,3,1028880
9360,9380,3,1033240
9380,9400,3,1037610
9400,9420,3,1041980
9420,9440,3,1046350
9440,9460,3,1050720
9460,9480,3,1055080
9480,9500,3,1059450
9500,9520,3,1063820
9520,9540,3,1068190
9540,9560,3,1072560
9560,9580,3,1076920
9580,9600,3,1081290
9600,9620,3,1085660
9620,9640,3,1090030
9640,9660,3,1094400
9660,9680,3,1098760
9680,9700,3,1103130
9700,9720,3,1107500
9720,9740,3,1111870
9740,9760,3,1116240
9760,9780,3,1120600
9780,9800,3,1124970
9800,9820,3,1129340
9820,9840,3,1133710
9840,9860,3,1138080
9860,9880,3,1142440
9880,9900,3,1146810
9900,9920,3,1151180
9920,9940,3,1155550
9940,9960,3,1159920
9960,9980,3,1164280
9980,10000,3,1168650
770,775,4,0
775,780,4,0
780,785,4,0
785,790,4,0
790,795,4,0
795,800,4,0
800,805,4,0
805,810,4,0
810,815,4,0
815,820,4,0
820,825,4,0
825,830,4,0
830,835,4,0
835,840,4,0
840,845,4,0
845,850,4,0
850,855,4,0
855,860,4,0
860,865,4,0
865,870,4,0
870,875,4,0
875,880,4,0
880,885,4,0
885,890,4,0
890,895,4,0
895,900,4,0
900,905,4,0
905,910,4,0
910,915,4,0
915,920,4,0
920,925,4,0
925,930,4,0
930,935,4,0
935,940,4,0
940,945,4,0
945,950,4,0
950,955,4,0
955,960,4,0
960,965,4,0
965,970,4,0
970,975,4,0
975,980,4,0
980,985,4,0
985,990,4,0
990,995,4,0
995,1000,4,0
1000,1005,4,0
1005,1010,4,0
1010,1015,4,0
1015,1020,4,0
1020,1025,4,0
1025,1030,4,0
1030,1035,4,0
1035,1040,4,0
1040,1045,4,0
1045,1050,4,0
1050,1055,4,0
1055,1060,4,0
1060,1065,4,0
1065,1070,4,0
1070,1075,4,0
1075,1080,4,0
1080,1085,4,0
1085,1090,4,0
1090,1095,4,0
1095,1100,4,0
1100,1105,4,0
1105,1110,4,0
1110,1115,4,0
1115,1120,4,0
1120,1125,4,0
1125,1130,4,0
1130,1135,4,0
1135,1140,4,0
1140,1145,4,0
1145,1150,4,0
1150,1155,4,0
1155,1160,4,0
1160,1165,4,0
1165,1170,4,0
1170,1175,4,0
1175,1180,4,0
1180,1185,4,0
1185,1190,4,0
1190,1195,4,0
1195,1200,4,0
1200,1205,4,0
1205,1210,4,0
1210,1215,4,0
1215,1220,4,0
1220,1225,4,0
1225,1230,4,0
1230,1235,4,0
1235,1240,4,0
1240,1245,4,0
1245,1250,4,0
1250,1255,4,0
1255,1260,4,0
1260,1265,4,0
1265,1270,4,0
1270,1275,4,0
1275,1280,4,0
1280,1285,4,0
1285,1290,4,0
1290,1295,4,0
1295,1300,4,0
1300,1305,4,0
1305,1310,4,0
1310,1315,4,0
1315,1320,4,0
1320,1325,4,0
1325,1330,4,0
1330,1335,4,0
1335,1340,4,0
1340,1345,4,0
1345,1350,4,0
1350,1355,4,0
1355,1360,4,0
1360,1365,4,0
1365,1370,4,0
1370,1375,4,0
1375,1380,4,0
1380,1385,4,0
1385,1390,4,0
1390,1395,4,0
1395,1400,4,0
1400,1405,4,0
1405,1410,4,0
1410,1415,4,0
1415,1420,4,0
1420,1425,4,0
1425,1430,4,0
1430,1435,4,0
1435,1440,4,0
1440,1445,4,0
1445,1450,4,0
1450,1455,4,0
1455,1460,4,0
1460,1465,4,0
1465,1470,4,0
1470,1475,4,0
1475,1480,4,0
1480,1485,4,0
1485,1490,4,0
1490,1495,4,0
1495,1500,4,0
1500,1510,4,0
1510,1520,4,0
1520,1530,4,0
1530,1540,4,0
1540,1550,4,0
1550,1560,4,0
1560,1570,4,0
1570,1580,4,0
1580,1590,4,0
1590,1600,4,0
1600,1610,4,0
1610,1620,4,0
1620,1630,4,0
1630,1640,4,0
1640,1650,4,0
1650,1660,4,0
1660,1670,4,0
1670,1680,4,0
1680,1690,4,0
1690,1700,4,0
1700,1710,4,0
1710,1720,4,0
1720,1730,4,0
1730,1740,4,0
1740,1750,4,0
1750,1760,4,0
1760,1770,4,0
1770,1780,4,0
1780,1790,4,0
1790,1800,4,0
1800,1810,4,0
1810,1820,4,0
1820,1830,4,0
1830,1840,4,0
1840,1850,4,0
1850,1860,4,0
1860,1870,4,0
1870,1880,4,0
1880,1890,4,0
1890,1900,4,0
1900,1910,4,0
1910,1920,4,0
1920,1930,4,0
1930,1940,4,0
1940,1950,4,0
1950,1960,4,0
1960,1970,4,0
1970,1980,4,0
1980,1990,4,0
1990,2000,4,0
2000,2010,4,0
2010,2020,4,0
2020,2030,4,0
2030,2040,4,0
2040,2050,4,0
2050,2060,4,0
2060,2070,4,1040
2070,2080,4,1240
2080,2090,4,1430
2090,2100,4,1630
2100,2110,4,1830
2110,2120,4,2030
2120,2130,4,2230
2130,2140,4,2430
2140,2150,4,2630
2150,2160,4,2820
2160,2170,4,3020
2170,2180,4,3220
2180,2190,4,3420
2190,2200,4,3620
2200,2210,4,3820
2210,2220,4,4010
2220,2230,4,4210
2230,2240,4,4410
2240,2250,4,4610
2250,2260,4,4810
2260,2270,4,5010
2270,2280,4,5210
2280,2290,4,5400
2290,2300,4,5600
2300,2310,4,5800
2310,2320,4,6000
2320,2330,4,6200
2330,2340,4,6400
2340,2350,4,6590
2350,2360,4,6790
2360,2370,4,6990
2370,2380,4,7190
2380,2390,4,7390
2390,2400,4,7590
2400,2410,4,7780
2410,2420,4,7980
2420,2430,4,8180
2430,2440,4,8380
2440,2450,4,8580
2450,2460,4,8780
2460,2470,4,8980
2470,2480,4,9170
2480,2490,4,9370
2490,2500,4,9570
2500,2510,4,9780
2510,2520,4,9990
2520,2530,4,10200
2530,2540,4,10410
2540,2550,4,10620
2550,2560,4,10840
2560,2570,4,11050
2570,2580,4,11260
2580,2590,4,11470
2590,2600,4,11680
2600,2610,4,11900
2610,2620,4,12110
2620,2630,4,12320
2630,2640,4,12530
2640,2650,4,12740
2650,2660,4,12960
2660,2670,4,13170
2670,2680,4,13380
2680,2690,4,13590
2690,2700,4,13800
2700,2710,4,14020
2710,2720,4,14230
2720,2730,4,14440
2730,2740,4,14650
2740,2750,4,14860
2750,2760,4,15070
2760,2770,4,15290
2770,2780,4,15500
2780,2790,4,15710
2790,2800,4,15920
2800,2810,4,16130
2810,2820,4,16350
2820,2830,4,16560
2830,2840,4,16770
2840,2850,4,16980
2850,2860,4,17190
2860,2870,4,17410
2870,2880,4,17620
2880,2890,4,17830
2890,2900,4,18040
2900,2910,4,18250
2910,2920,4,18470
2920,2930,4,18680
2930,2940,4,18970
2940,2950,4,19300
2950,2960,4,19630
2960,2970,4,19960
2970,2980,4,20290
2980,2990,4,20620
2990,3000,4,20950
3000,3020,4,21440
3020,3040,4,22100
3040,3060,4,22760
3060,3080,4,23420
3080,3100,4,24080
3100,3120,4,24740
3120,3140,4,25400
3140,3160,4,26060
3160,3180,4,26720
3180,3200,4,27380
3200,3220,4,28040
3220,3240,4,28700
3240,3260,4,29360
3260,3280,4,30020
3280,3300,4,30670
3300,3320,4,31330
3320,3340,4,31990
3340,3360,4,32620
3360,3380,4,33250
3380,3400,4,33880
3400,3420,4,34500
3420,3440,4,35130
3440,3460,4,35750
3460,3480,4,36380
3480,3500,4,37010
3500,3520,4,37630
3520,3540,4,38260
3540,3560,4,39340
3560,3580,4,40900
3580,3600,4,42470
3600,3620,4,44030
3620,3640,4,45600
3640,3660,4,47160
3660,3680,4,48730
3680,3700,4,50290
3700,3720,4,51860
3720,3740,4,53420
3740,3760,4,54980
3760,3780,4,58010
3780,3800,4,59720
3800,3820,4,61430
3820,3840,4,63140
3840,3860,4,64850
3860,3880,4,66570
3880,3900,4,68280
3900,3920,4,69990
3920,3940,4,71700
3940,3960,4,73410
3960,3980,4,75120
3980,4000,4,76840
4000,4020,4,78550
4020,4040,4,80260
4040,4060,4,81970
4060,4080,4,83680
4080,4100,4,85390
4100,4120,4,87100
4120,4140,4,88820
4140,4160,4,90530
4160,4180,4,92240
4180,4200,4,94100
4200,4220,4,96540
4220,4240,4,98990
4240,4260,4,101430
4260,4280,4,103880
4280,4300,4,106320
4300,4320,4,108770
4320,4340,4,111210
4340,4360,4,113660
4360,4380,4,116100
4380,4400,4,118550
4400,4420,4,120990
4420,4440,4,123440
4440,4460,4,125880
4460,4480,4,128330
4480,4500,4,130770
4500,4520,4,133350
4520,4540,4,135930
4540,4560,4,138510
4560,4580,4,141090
4580,4600,4,146170
4600,4620,4,148750
4620,4640,4,151330
4640,4660,4,153910
4660,4680,4,156490
4680,4700,4,159070
4700,4720,4,161650
4720,4740,4,164230
4740,4760,4,166810
4760,4780,4,169390
4780,4800,4,171970
4800,4820,4,174550
4820,4840,4,177130
4840,4860,4,179710
4860,4880,4,182290
4880,4900,4,184870
4900,4920,4,187450
4920,4940,4,190030
4940,4960,4,192610
4960,4980,4,195190
4980,5000,4,197770
5000,5020,4,200350
5020,5040,4,202930
5040,5060,4,205510
5060,5080,4,208090
5080,5100,4,210670
5100,5120,4,213250
5120,5140,4,215830
5140,5160,4,218410
5160,5180,4,220990
5180,5200,4,223570
5200,5220,4,226150
5220,5240,4,228730
5240,5260,4,231310
5260,5280,4,233890
5280,5300,4,236470
5300,5320,4,239050
5320,5340,4,241630
5340,5360,4,244210
5360,5380,4,246790
5380,5400,4,249370
5400,5420,4,251950
5420,5440,4,254530
5440,5460,4,257110
5460,5480,4,259690
5480,5500,4,262270
5500,5520,4,264850
5520,5540,4,267430
5540,5560,4,270010
5560,5580,4,272590
5580,5600,4,275170
5600,5620,4,277750
5620,5640,4,280330
5640,5660,4,282910
5660,5680,4,285490
5680,5700,4,288070
5700,5720,4,290650
5720,5740,4,293230
5740,5760,4,295810
5760,5780,4,298390
5780,5800,4,300970
5800,5820,4,303550
5820,5840,4,306130
5840,5860,4,334600
5860,5880,4,339740
5880,5900,4,342380
5900,5920,4,345020
5920,5940,4,347660
5940,5960,4,350300
5960,5980,4,352940
5980,6000,4,355580
6000,6020,4,358220
6020,6040,4,360860
6040,6060,4,363500
6060,6080,4,366140
6080,6100,4,368780
6100,6120,4,371420
6120,6140,4,374060
6140,6160,4,376700
6160,6180,4,379340
6180,6200,4,381980
6200,6220,4,384620
6220,6240,4,387260
6240,6260,4,389900
6260,6280,4,392540
6280,6300,4,395180
6300,6320,4,397820
6320,6340,4,400460
6340,6360,4,403100
6360,6380,4,405740
6380,6400,4,408380
6400,6420,4,411020
6420,6440,4,413660
6440,6460,4,416300
6460,6480,4,418940
6480,6500,4,421580
6500,6520,4,424220
6520,6540,4,426860
6540,6560,4,429500
6560,6580,4,432140
6580,6600,4,434780
6600,6620,4,437420
6620,6640,4,440060
6640,6660,4,442700
6660,6680,4,445340
6680,6700,4,447980
6700,6720,4,450620
6720,6740,4,453260
6740,6760,4,455900
6760,6780,4,458540
6780,6800,4,461180
6800,6820,4,463820
6820,6840,4,466460
6840,6860,4,469100
6860,6880,4,471740
6880,6900,4,474380
6900,6920,4,477020
6920,6940,4,480450
6940,6960,4,484680
6960,6980,4,488900
6980,7000,4,493120
7000,7020,4,497350
7020,7040,4,501570
7040,7060,4,505800
7060,7080,4,510020
7080,7100,4,514240
7100,7120,4,518470
7120,7140,4,522690
7140,7160,4,526920
7160,7180,4,531140
7180,7200,4,535360
7200,7220,4,539590
7220,7240,4,543810
7240,7260,4,548040
7260,7280,4,552260
7280,7300,4,556480
7300,7320,4,560710
7320,7340,4,564930
7340,7360,4,569160
7360,7380,4,573380
7380,7400,4,577600
7400,7420,4,581830
7420,7440,4,586050
7440,7460,4,590280
7460,7480,4,594500
7480,7500,4,598720
7500,7520,4,602950
7520,7540,4,607170
7540,7560,4,611400
7560,7580,4,615620
7580,7600,4,619840
7600,7620,4,624070
7620,7640,4,628290
7640,7660,4,632520
7660,7680,4,636740
7680,7700,4,640960
7700,7720,4,645190
7720,7740,4,649410
7740,7760,4,653640
7760,7780,4,657860
7780,7800,4,662080
7800,7820,4,666310
7820,7840,4,670530
7840,7860,4,674760
7860,7880,4,678980
7880,7900,4,683200
7900,7920,4,687430
7920,7940,4,691650
7940,7960,4,695880
7960,7980,4,700100
7980,8000,4,704320
8000,8020,4,708550
8020,8040,4,712770
8040,8060,4,717000
8060,8080,4,721220
8080,8100,4,725440
8100,8120,4,729670
8120,8140,4,733890
8140,8160,4,738120
8160,8180,4,742340
8180,8200,4,746560
8200,8220,4,750790
8220,8240,4,755010
8240,8260,4,759240
8260,8280,4,763460
8280,8300,4,767680
8300,8320,4,771910
8320,8340,4,776130
8340,8360,4,780480
8360,8380,4,784840
8380,8400,4,789210
8400,8420,4,793580
8420,8440,4,797950
8440,8460,4,802320
8460,8480,4,806680
8480,8500,4,811050
8500,8520,4,815420
8520,8540,4,819790
8540,8560,4,824160
8560,8580,4,828520
8580,8600,4,832890
8600,8620,4,837260
8620,8640,4,841630
8640,8660,4,846000
8660,8680,4,850360
8680,8700,4,854730
8700,8720,4,859100
8720,8740,4,863470
8740,8760,4,867840
8760,8780,4,872200
8780,8800,4,876570
8800,8820,4,880940
8820,8840,4,885310
8840,8860,4,889680
8860,8880,4,894040
8880,8900,4,898410
8900,8920,4,902780
8920,8940,4,907150
8940,8960,4,911520
8960,8980,4,915880
8980,9000,4,920250
9000,9020,4,924620
9020,9040,4,928990
9040,9060,4,933360
9060,9080,4,937720
9080,9100,4,942090
9100,9120,4,946460
9120,9140,4,950830
9140,9160,4,955200
9160,9180,4,959560
9180,9200,4,963930
9200,9220,4,968300
9220,9240,4,972670
9240,9260,4,977040
9260,9280,4,981400
9280,9300,4,985770
9300,9320,4,990140
9320,9340,4,994510
9340,9360,4,998880
9360,9380,4,1003240
9380,9400,4,1007610
9400,9420,4,1011980
9420,9440,4,1016350
9440,9460,4,1020720
9460,9480,4,1025080
9480,9500,4,1029450
9500,9520,4,1033820
9520,9540,4,1038190
9540,9560,4,1042560
9560,9580,4,1046920
9580,9600,4,1051290
9600,9620,4,1055660
9620,9640,4,1060030
9640,9660,4,1064400
9660,9680,4,1068760
9680,9700,4,1073130
9700,9720,4,1077500
9720,9740,4,1081870
9740,9760,4,1086240
9760,9780,4,1090600
9780,9800,4,1094970
9800,9820,4,1099340
9820,9840,4,1103710
9840,9860,4,1108080
9860,9880,4,1112440
9880,9900,4,1116810
9900,9920,4,1121180
9920,9940,4,1125550
9940,9960,4,1129920
9960,9980,4,1134280
9980,10000,4,1138650
770,775,5,0
775,780,5,0
780,785,5,0
785,790,5,0
790,795,5,0
795,800,5,0
800,805,5,0
805,810,5,0
810,815,5,0
815,820,5,0
820,825,5,0
825,830,5,0
830,835,5,0
835,840,5,0
840,845,5,0
845,850,5,0
850,855,5,0
855,860,5,0
860,865,5,0
865,870,5,0
870,875,5,0
875,880,5,0
880,885,5,0
885,890,5,0
890,895,5,0
895,900,5,0
900,905,5,0
905,910,5,0
910,915,5,0
915,920,5,0
920,925,5,0
925,930,5,0
930,935,5,0
935,940,5,0
940,945,5,0
945,950,5,0
950,955,5,0
955,960,5,0
960,965,5,0
965,970,5,0
970,975,5,0
975,980,5,0
980,985,5,0
985,990,5,0
990,995,5,0
995,1000,5,0
1000,1005,5,0
1005,1010,5,0
1010,1015,5,0
1015,1020,5,0
1020,1025,5,0
1025,1030,5,0
1030,1035,5,0
1035,1040,5,0
1040,1045,5,0
1045,1050,5,0
1050,1055,5,0
1055,1060,5,0
1060,1065,5,0
1065,1070,5,0
1070,1075,5,0
1075,1080,5,0
1080,1085,5,0
1085,1090,5,0
1090,1095,5,0
1095,1100,5,0
1100,1105,5,0
1105,1110,5,0
1110,1115,5,0
1115,1120,5,0
1120,1125,5,0
1125,1130,5,0
1130,1135,5,0
1135,1140,5,0
1140,1145,5,0
1145,1150,5,0
1150,1155,5,0
1155,1160,5,0
1160,1165,5,0
1165,1170,5,0
1170,1175,5,0
1175,1180,5,0
1180,1185,5,0
1185,1190,5,0
1190,1195,5,0
1195,1200,5,0
1200,1205,5,0
1205,1210,5,0
1210,1215,5,0
1215,1220,5,0
1220,1225,5,0
1225,1230,5,0
1230,1235,5,0
1235,1240,5,0
1240,1245,5,0
1245,1250,5,0
1250,1255,5,0
1255,1260,5,0
1260,1265,5,0
1265,1270,5,0
1270,1275,5,0
1275,1280,5,0
1280,1285,5,0
1285,1290,5,0
1290,1295,5,0
1295,1300,5,0
1300,1305,5,0
1305,1310,5,0
1310,1315,5,0
1315,1320,5,0
1320,1325,5,0
1325,1330,5,0
1330,1335,5,0
1335,1340,5,0
1340,1345,5,0
1345,1350,5,0
1350,1355,5,0
1355,1360,5,0
1360,1365,5,0
1365,1370,5,0
1370,1375,5,0
1375,1380,5,0
1380,1385,5,0
1385,1390,5,0
1390,1395,5,0
1395,1400,5,0
1400,1405,5,0
1405,1410,5,0
1410,1415,5,0
1415,1420,5,0
1420,1425,5,0
1425,1430,5,0
1430,1435,5,0
1435,1440,5,0
1440,1445,5,0
1445,1450,5,0
1450,1455,5,0
1455,1460,5,0
1460,1465,5,0
1465,1470,5,0
1470,1475,5,0
1475,1480,5,0
1480,1485,5,0
1485,1490,5,0
1490,1495,5,0
1495,1500,5,0
1500,1510,5,0
1510,1520,5,0
1520,1530,5,0
1530,1540,5,0
1540,1550,5,0
1550,1560,5,0
1560,1570,5,0
1570,1580,5,0
1580,1590,5,0
1590,1600,5,0
1600,1610,5,0
1610,1620,5,0
1620,1630,5,0
1630,1640,5,0
1640,1650,5,0
1650,1660,5,0
1660,1670,5,0
1670,1680,5,0
1680,1690,5,0
1690,1700,5,0
1700,1710,5,0
1710,1720,5,0
1720,1730,5,0
1730,1740,5,0
1740,1750,5,0
1750,1760,5,0
1760,1770,5,0
1770,1780,5,0
1780,1790,5,0
1790,1800,5,0
1800,1810,5,0
1810,1820,5,0
1820,1830,5,0
1830,1840,5,0
1840,1850,5,0
1850,1860,5,0
1860,1870,5,0
1870,1880,5,0
1880,1890,5,0
1890,1900,5,0
1900,1910,5,0
1910,1920,5,0
1920,1930,5,0
1930,1940,5,0
1940,1950,5,0
1950,1960,5,0
1960,1970,5,0
1970,1980,5,0
1980,1990,5,0
1990,2000,5,0
2000,2010,5,0
2010,2020,5,0
2020,2030,5,0
2030,2040,5,0
2040,2050,5,0
2050,2060,5,0
2060,2070,5,0
2070,2080,5,0
2080,2090,5,0
2090,2100,5,0
2100,2110,5,0
2110,2120,5,0
2120,2130,5,0
2130,2140,5,0
2140,2150,5,0
2150,2160,5,0
2160,2170,5,0
2170,2180,5,0
2180,2190,5,0
2190,2200,5,0
2200,2210,5,0
2210,2220,5,0
2220,2230,5,0
2230,2240,5,1040
2240,2250,5,1230
2250,2260,5,1430
2260,2270,5,1630
2270,2280,5,1830
2280,2290,5,2030
2290,2300,5,2230
2300,2310,5,2430
2310,2320,5,2620
2320,2330,5,2820
2330,2340,5,3020
2340,2350,5,3220
2350,2360,5,3420
2360,2370,5,3620
2370,2380,5,3810
2380,2390,5,4010
2390,2400,5,4210
2400,2410,5,4410
2410,2420,5,4610
2420,2430,5,4810
2430,2440,5,5010
2440,2450,5,5200
2450,2460,5,5400
2460,2470,5,5600
2470,2480,5,5800
2480,2490,5,6000
2490,2500,5,6200
2500,2510,5,6400
2510,2520,5,6610
2520,2530,5,6830
2530,2540,5,7040
2540,2550,5,7250
2550,2560,5,7460
2560,2570,5,7670
2570,2580,5,7880
2580,2590,5,8100
2590,2600,5,8310
2600,2610,5,8520
2610,2620,5,8730
2620,2630,5,8940
2630,2640,5,9160
2640,2650,5,9370
2650,2660,5,9580
2660,2670,5,9790
2670,2680,5,10000
2680,2690,5,10220
2690,2700,5,10430
2700,2710,5,10640
2710,2720,5,10850
2720,2730,5,11060
2730,2740,5,11280
2740,2750,5,11490
2750,2760,5,11700
2760,2770,5,11910
2770,2780,5,12120
2780,2790,5,12340
2790,2800,5,12550
2800,2810,5,12760
2810,2820,5,12970
2820,2830,5,13180
2830,2840,5,13400
2840,2850,5,13610
2850,2860,5,13820
2860,2870,5,14030
2870,2880,5,14240
2880,2890,5,14460
2890,2900,5,14670
2900,2910,5,14880
2910,2920,5,15090
2920,2930,5,15300
2930,2940,5,15510
2940,2950,5,15730
2950,2960,5,15940
2960,2970,5,16150
2970,2980,5,16360
2980,2990,5,16570
2990,3000,5,16790
3000,3020,5,17100
3020,3040,5,17530
3040,3060,5,17950
3060,3080,5,18380
3080,3100,5,18830
3100,3120,5,19490
3120,3140,5,20150
3140,3160,5,20810
3160,3180,5,21470
3180,3200,5,22130
3200,3220,5,22790
3220,3240,5,23450
3240,3260,5,24110
3260,3280,5,24770
3280,3300,5,25420
3300,3320,5,26080
3320,3340,5,26740
3340,3360,5,27370
3360,3380,5,28000
3380,3400,5,28630
3400,3420,5,29250
3420,3440,5,29880
3440,3460,5,30500
3460,3480,5,31130
3480,3500,5,31760
3500,3520,5,32380
3520,3540,5,33010
3540,3560,5,33630
3560,3580,5,34260
3580,3600,5,34880
3600,3620,5,35510
3620,3640,5,36140
3640,3660,5,36760
3660,3680,5,37390
3680,3700,5,38010
3700,3720,5,38730
3720,3740,5,40300
3740,3760,5,41860
3760,3780,5,44880
3780,3800,5,46600
3800,3820,5,48310
3820,3840,5,50020
3840,3860,5,51730
3860,3880,5,53440
3880,3900,5,55150
3900,3920,5,56860
3920,3940,5,58580
3940,3960,5,60290
3960,3980,5,62000
3980,4000,5,63710
4000,4020,5,65420
4020,4040,5,67130
4040,4060,5,68840
4060,4080,5,70560
4080,4100,5,72270
4100,4120,5,73980
4120,4140,5,75690
4140,4160,5,77400
4160,4180,5,79110
4180,4200,5,80830
4200,4220,5,82540
4220,4240,5,84250
4240,4260,5,85960
4260,4280,5,87670
4280,4300,5,89380
4300,4320,5,91090
4320,4340,5,92810
4340,4360,5,94910
4360,4380,5,97350
4380,4400,5,99800
4400,4420,5,102240
4420,4440,5,104690
4440,4460,5,107130
4460,4480,5,109580
4480,4500,5,112020
4500,4520,5,114600
4520,4540,5,117180
4540,4560,5,119760
4560,4580,5,122340
4580,4600,5,127420
4600,4620,5,130000
4620,4640,5,132580
4640,4660,5,135160
4660,4680,5,137740
4680,4700,5,140320
4700,4720,5,142900
4720,4740,5,145480
4740,4760,5,148060
4760,4780,5,150640
4780,4800,5,153220
4800,4820,5,155800
4820,4840,5,158380
4840,4860,5,160960
4860,4880,5,163540
4880,4900,5,166120
4900,4920,5,168700
4920,4940,5,171280
4940,4960,5,173860
4960,4980,5,176440
4980,5000,5,179020
5000,5020,5,181600
5020,5040,5,184180
5040,5060,5,186760
5060,5080,5,189340
5080,5100,5,191920
5100,5120,5,194500
5120,5140,5,197080
5140,5160,5,199660
5160,5180,5,202240
5180,5200,5,204820
5200,5220,5,207400
5220,5240,5,209980
5240,5260,5,212560
5260,5280,5,215140
5280,5300,5,217720
5300,5320,5,220300
5320,5340,5,222880
5340,5360,5,225460
5360,5380,5,228040
5380,5400,5,230620
5400,5420,5,233200
5420,5440,5,235780
5440,5460,5,238360
5460,5480,5,240940
5480,5500,5,243520
5500,5520,5,246100
5520,5540,5,248680
5540,5560,5,251260
5560,5580,5,253840
5580,5600,5,256420
5600,5620,5,259000
5620,5640,5,261580
5640,5660,5,264160
5660,5680,5,266740
5680,5700,5,269320
5700,5720,5,271900
5720,5740,5,274480
5740,5760,5,277060
5760,5780,5,279640
5780,5800,5,282220
5800,5820,5,284800
5820,5840,5,287380
5840,5860,5,315850
5860,5880,5,320990
5880,5900,5,323630
5900,5920,5,326270
5920,5940,5,328910
5940,5960,5,331550
5960,5980,5,334190
5980,6000,5,336830
6000,6020,5,339470
6020,6040,5,342110
6040,6060,5,344750
6060,6080,5,347390
6080,6100,5,350030
6100,6120,5,352670
6120,6140,5,355310
6140,6160,5,357950
6160,6180,5,360590
6180,6200,5,363230
6200,6220,5,365870
6220,6240,5,368510
6240,6260,5,371150
6260,6280,5,373790
6280,6300,5,376430
6300,6320,5,379070
6320,6340,5,381710
6340,6360,5,384350
6360,6380,5,386990
6380,6400,5,389630
6400,6420,5,392270
6420,6440,5,394910
6440,6460,5,397550
6460,6480,5,400190
6480,6500,5,402830
6500,6520,5,405470
6520,6540,5,408110
6540,6560,5,410750
6560,6580,5,413390
6580,6600,5,416030
6600,6620,5,418670
6620,6640,5,421310
6640,6660,5,423950
6660,6680,5,426590
6680,6700,5,429230
6700,6720,5,431870
6720,6740,5,434510
6740,6760,5,437150
6760,6780,5,439790
6780,6800,5,442430
6800,6820,5,445070
6820,6840,5,447710
6840,6860,5,450350
6860,6880,5,452990
6880,6900,5,455630
6900,6920,5,458270
6920,6940,5,460910
6940,6960,5,463550
6960,6980,5,466190
6980,7000,5,468830
7000,7020,5,471470
7020,7040,5,474110
7040,7060,5,476750
7060,7080,5,480020
7080,7100,5,484240
7100,7120,5,488470
7120,7140,5,492690
7140,7160,5,496920
7160,7180,5,501140
7180,7200,5,505360
7200,7220,5,509590
7220,7240,5,513810
7240,7260,5,518040
7260,7280,5,522260
7280,7300,5,526480
7300,7320,5,530710
7320,7340,5,534930
7340,7360,5,539160
7360,7380,5,543380
7380,7400,5,547600
7400,7420,5,551830
7420,7440,5,556050
7440,7460,5,560280
7460,7480,5,564500
7480,7500,5,568720
7500,7520,5,572950
7520,7540,5,577170
7540,7560,5,581400
7560,7580,5,585620
7580,7600,5,589840
7600,7620,5,594070
7620,7640,5,598290
7640,7660,5,602520
7660,7680,5,606740
7680,7700,5,610960
7700,7720,5,615190
7720,7740,5,619410
7740,7760,5,623640
7760,7780,5,627860
7780,7800,5,632080
7800,7820,5,636310
7820,7840,5,640530
7840,7860,5,644760
7860,7880,5,648980
7880,7900,5,653200
7900,7920,5,657430
7920,7940,5,661650
7940,7960,5,665880
7960,7980,5,670100
7980,8000,5,674320
8000,8020,5,678550
8020,8040,5,682770
8040,8060,5,687000
8060,8080,5,691220
8080,8100,5,695440
8100,8120,5,699670
8120,8140,5,703890
8140,8160,5,708120
8160,8180,5,712340
8180,8200,5,716560
8200,8220,5,720790
8220,8240,5,725010
8240,8260,5,729240
8260,8280,5,733460
8280,8300,5,737680
8300,8320,5,741910
8320,8340,5,746130
8340,8360,5,750480
8360,8380,5,754840
8380,8400,5,759210
8400,8420,5,763580
8420,8440,5,767950
8440,8460,5,772320
8460,8480,5,776680
8480,8500,5,781050
8500,8520,5,785420
8520,8540,5,789790
8540,8560,5,794160
8560,8580,5,798520
8580,8600,5,802890
8600,8620,5,807260
8620,8640,5,811630
8640,8660,5,816000
8660,8680,5,820360
8680,8700,5,824730
8700,8720,5,829100
8720,8740,5,833470
8740,8760,5,837840
8760,8780,5,842200
8780,8800,5,846570
8800,8820,5,850940
8820,8840,5,855310
8840,8860,5,859680
8860,8880,5,864040
8880,8900,5,868410
8900,8920,5,872780
8920,8940,5,877150
8940,8960,5,881520
8960,8980,5,885880
8980,9000,5,890250
9000,9020,5,894620
9020,9040,5,898990
9040,9060,5,903360
9060,9080,5,907720
9080,9100,5,912090
9100,9120,5,916460
9120,9140,5,920830
9140,9160,5,925200
9160,9180,5,929560
9180,9200,5,933930
9200,9220,5,938300
9220,9240,5,942670
9240,9260,5,947040
9260,9280,5,951400
9280,9300,5,955770
9300,9320,5,960140
9320,9340,5,964510
9340,9360,5,968880
9360,9380,5,973240
9380,9400,5,977610
9400,9420,5,981980
9420,9440,5,986350
9440,9460,5,990720
9460,9480,5,995080
9480,9500,5,999450
9500,9520,5,1003820
9520,9540,5,1008190
9540,9560,5,1012560
9560,9580,5,1016920
9580,9600,5,1021290
9600,9620,5,1025660
9620,9640,5,1030030
9640,9660,5,1034400
9660,9680,5,1038760
9680,9700,5,1043130
9700,9720,5,1047500
9720,9740,5,1051870
9740,9760,5,1056240
9760,9780,5,1060600
9780,9800,5,1064970
9800,9820,5,1069340
9820,9840,5,1073710
9840,9860,5,1078080
9860,9880,5,1082440
9880,9900,5,1086810
9900,9920,5,1091180
9920,9940,5,1095550
9940,9960,5,1099920
9960,9980,5,1104280
9980,10000,5,1108650
770,775,6,0
775,780,6,0
780,785,6,0
785,790,6,0
790,795,6,0
795,800,6,0
800,805,6,0
805,810,6,0
810,815,6,0
815,820,6,0
820,825,6,0
825,830,6,0
830,835,6,0
835,840,6,0
840,845,6,0
845,850,6,0
850,855,6,0
855,860,6,0
860,865,6,0
865,870,6,0
870,875,6,0
875,880,6,0
880,885,6,0
885,890,6,0
890,895,6,0
895,900,6,0
900,905,6,0
905,910,6,0
910,915,6,0
915,920,6,0
920,925,6,0
925,930,6,0
930,935,6,0
935,940,6,0
940,945,6,0
945,950,6,0
950,955,6,0
955,960,6,0
960,965,6,0
965,970,6,0
970,975,6,0
975,980,6,0
980,985,6,0
985,990,6,0
990,995,6,0
995,1000,6,0
1000,1005,6,0
1005,1010,6,0
1010,1015,6,0
1015,1020,6,0
1020,1025,6,0
1025,1030,6,0
1030,1035,6,0
1035,1040,6,0
1040,1045,6,0
1045,1050,6,0
1050,1055,6,0
1055,1060,6,0
1060,1065,6,0
1065,1070,6,0
1070,1075,6,0
1075,1080,6,0
1080,1085,6,0
1085,1090,6,0
1090,1095,6,0
1095,1100,6,0
1100,1105,6,0
1105,1110,6,0
1110,1115,6,0
1115,1120,6,0
1120,1125,6,0
1125,1130,6,0
1130,1135,6,0
1135,1140,6,0
1140,1145,6,0
1145,1150,6,0
1150,1155,6,0
1155,1160,6,0
1160,1165,6,0
1165,1170,6,0
1170,1175,6,0
1175,1180,6,0
1180,1185,6,0
1185,1190,6,0
1190,1195,6,0
1195,1200,6,0
1200,1205,6,0
1205,1210,6,0
1210,1215,6,0
1215,1220,6,0
1220,1225,6,0
1225,1230,6,0
1230,1235,6,0
1235,1240,6,0
1240,1245,6,0
1245,1250,6,0
1250,1255,6,0
1255,1260,6,0
1260,1265,6,0
1265,1270,6,0
1270,1275,6,0
1275,1280,6,0
1280,1285,6,0
1285,1290,6,0
1290,1295,6,0
1295,1300,6,0
1300,1305,6,0
1305,1310,6,0
1310,1315,6,0
1315,1320,6,0
1320,1325,6,0
1325,1330,6,0
1330,1335,6,0
1335,1340,6,0
1340,1345,6,0
1345,1350,6,0
1350,1355,6,0
1355,1360,6,0
1360,1365,6,0
1365,1370,6,0
1370,1375,6,0
1375,1380,6,0
1380,1385,6,0
1385,1390,6,0
1390,1395,6,0
1395,1400,6,0
1400,1405,6,0
1405,1410,6,0
1410,1415,6,0
1415,1420,6,0
1420,1425,6,0
1425,1430,6,0
1430,1435,6,0
1435,1440,6,0
1440,1445,6,0
1445,1450,6,0
1450,1455,6,0
1455,1460,6,0
1460,1465,6,0
1465,1470,6,0
1470,1475,6,0
1475,1480,6,0
1480,1485,6,0
1485,1490,6,0
1490,1495,6,0
1495,1500,6,0
1500,1510,6,0
1510,1520,6,0
1520,1530,6,0
1530,1540,6,0
1540,1550,6,0
1550,1560,6,0
1560,1570,6,0
1570,1580,6,0
1580,1590,6,0
1590,1600,6,0
1600,1610,6,0
1610,1620,6,0
1620,1630,6,0
1630,1640,6,0
1640,1650,6,0
1650,1660,6,0
1660,1670,6,0
1670,1680,6,0
1680,1690,6,0
1690,1700,6,0
1700,1710,6,0
1710,1720,6,0
1720,1730,6,0
1730,1740,6,0
1740,1750,6,0
1750,1760,6,0
1760,1770,6,0
1770,1780,6,0
1780,1790,6,0
1790,1800,6,0
1800,1810,6,0
1810,1820,6,0
1820,1830,6,0
1830,1840,6,0
1840,1850,6,0
1850,1860,6,0
1860,1870,6,0
1870,1880,6,0
1880,1890,6,0
1890,1900,6,0
1900,1910,6,0
1910,1920,6,0
1920,1930,6,0
1930,1940,6,0
1940,1950,6,0
1950,1960,6,0
1960,1970,6,0
1970,1980,6,0
1980,1990,6,0
1990,2000,6,0
2000,2010,6,0
2010,2020,6,0
2020,2030,6,0
2030,2040,6,0
2040,2050,6,0
2050,2060,6,0
2060,2070,6,0
2070,2080,6,0
2080,2090,6,0
2090,2100,6,0
2100,2110,6,0
2110,2120,6,0
2120,2130,6,0
2130,2140,6,0
2140,2150,6,0
2150,2160,6,0
2160,2170,6,0
2170,2180,6,0
2180,2190,6,0
2190,2200,6,0
2200,2210,6,0
2210,2220,6,0
2220,2230,6,0
2230,2240,6,0
2240,2250,6,0
2250,2260,6,0
2260,2270,6,0
2270,2280,6,0
2280,2290,6,0
2290,2300,6,0
2300,2310,6,0
2310,2320,6,0
2320,2330,6,0
2330,2340,6,0
2340,2350,6,0
2350,2360,6,0
2360,2370,6,0
2370,2380,6,0
2380,2390,6,0
2390,2400,6,0
2400,2410,6,1030
2410,2420,6,1230
2420,2430,6,1430
2430,2440,6,1630
2440,2450,6,1830
2450,2460,6,2030
2460,2470,6,2230
2470,2480,6,2420
2480,2490,6,2620
2490,2500,6,2820
2500,2510,6,3030
2510,2520,6,3240
2520,2530,6,3450
2530,2540,6,3660
2540,2550,6,3870
2550,2560,6,4090
2560,2570,6,4300
2570,2580,6,4510
2580,2590,6,4720
2590,2600,6,4930
2600,2610,6,5150
2610,2620,6,5360
2620,2630,6,5570
2630,2640,6,5780
2640,2650,6,5990
2650,2660,6,6210
2660,2670,6,6420
2670,2680,6,6630
2680,2690,6,6840
2690,2700,6,7050
2700,2710,6,7270
2710,2720,6,7480
2720,2730,6,7690
2730,2740,6,7900
2740,2750,6,8110
2750,2760,6,8320
2760,2770,6,8540
2770,2780,6,8750
2780,2790,6,8960
2790,2800,6,9170
2800,2810,6,9380
2810,2820,6,9600
2820,2830,6,9810
2830,2840,6,10020
2840,2850,6,10230
2850,2860,6,10440
2860,2870,6,10660
2870,2880,6,10870
2880,2890,6,11080
2890,2900,6,11290
2900,2910,6,11500
2910,2920,6,11720
2920,2930,6,11930
2930,2940,6,12140
2940,2950,6,12350
2950,2960,6,12560
2960,2970,6,12780
2970,2980,6,12990
2980,2990,6,13200
2990,3000,6,13410
3000,3020,6,13730
3020,3040,6,14150
3040,3060,6,14580
3060,3080,6,15000
3080,3100,6,15430
3100,3120,6,15850
3120,3140,6,16270
3140,3160,6,16700
3160,3180,6,17120
3180,3200,6,17540
3200,3220,6,17970
3220,3240,6,18390
3240,3260,6,18860
3260,3280,6,19520
3280,3300,6,20170
3300,3320,6,20830
3320,3340,6,21490
3340,3360,6,22120
3360,3380,6,22750
3380,3400,6,23380
3400,3420,6,24000
3420,3440,6,24630
3440,3460,6,25250
3460,3480,6,25880
3480,3500,6,26510
3500,3520,6,27130
3520,3540,6,27760
3540,3560,6,28380
3560,3580,6,29010
3580,3600,6,29630
3600,3620,6,30260
3620,3640,6,30890
3640,3660,6,31510
3660,3680,6,32140
3680,3700,6,32760
3700,3720,6,33390
3720,3740,6,34020
3740,3760,6,34640
3760,3780,6,35850
3780,3800,6,36540
3800,3820,6,37220
3820,3840,6,37900
3840,3860,6,38600
3860,3880,6,40320
3880,3900,6,42030
3900,3920,6,43740
3920,3940,6,45450
3940,3960,6,47160
3960,3980,6,48870
3980,4000,6,50590
4000,4020,6,52300
4020,4040,6,54010
4040,4060,6,55720
4060,4080,6,57430
4080,4100,6,59140
4100,4120,6,60850
4120,4140,6,62570
4140,4160,6,64280
4160,4180,6,65990
4180,4200,6,67700
4200,4220,6,69410
4220,4240,6,71120
4240,4260,6,72830
4260,4280,6,74550
4280,4300,6,76260
4300,4320,6,77970
4320,4340,6,79680
4340,4360,6,81390
4360,4380,6,83100
4380,4400,6,84820
4400,4420,6,86530
4420,4440,6,88240
4440,4460,6,89950
4460,4480,6,91660
4480,4500,6,93370
4500,4520,6,95850
4520,4540,6,98430
4540,4560,6,101010
4560,4580,6,103590
4580,4600,6,108670
4600,4620,6,111250
4620,4640,6,113830
4640,4660,6,116410
4660,4680,6,118990
4680,4700,6,121570
4700,4720,6,124150
4720,4740,6,126730
4740,4760,6,129310
4760,4780,6,131890
4780,4800,6,134470
4800,4820,6,137050
4820,4840,6,139630
4840,4860,6,142210
4860,4880,6,144790
4880,4900,6,147370
4900,4920,6,149950
4920,4940,6,152530
4940,4960,6,155110
4960,4980,6,157690
4980,5000,6,160270
5000,5020,6,162850
5020,5040,6,165430
5040,5060,6,168010
5060,5080,6,170590
5080,5100,6,173170
5100,5120,6,175750
5120,5140,6,178330
5140,5160,6,180910
5160,5180,6,183490
5180,5200,6,186070
5200,5220,6,188650
5220,5240,6,191230
5240,5260,6,193810
5260,5280,6,196390
5280,5300,6,198970
5300,5320,6,201550
5320,5340,6,204130
5340,5360,6,206710
5360,5380,6,209290
5380,5400,6,211870
5400,5420,6,214450
5420,5440,6,217030
5440,5460,6,219610
5460,5480,6,222190
5480,5500,6,224770
5500,5520,6,227350
5520,5540,6,229930
5540,5560,6,232510
5560,5580,6,235090
5580,5600,6,237670
5600,5620,6,240250
5620,5640,6,242830
5640,5660,6,245410
5660,5680,6,247990
5680,5700,6,250570
5700,5720,6,253150
5720,5740,6,255730
5740,5760,6,258310
5760,5780,6,260890
5780,5800,6,263470
5800,5820,6,266050
5820,5840,6,268630
5840,5860,6,297100
5860,5880,6,302240
5880,5900,6,304880
5900,5920,6,307520
5920,5940,6,310160
5940,5960,6,312800
5960,5980,6,315440
5980,6000,6,318080
6000,6020,6,320720
6020,6040,6,323360
6040,6060,6,326000
6060,6080,6,328640
6080,6100,6,331280
6100,6120,6,333920
6120,6140,6,336560
6140,6160,6,339200
6160,6180,6,341840
6180,6200,6,344480
6200,6220,6,347120
6220,6240,6,349760
6240,6260,6,352400
6260,6280,6,355040
6280,6300,6,357680
6300,6320,6,360320
6320,6340,6,362960
6340,6360,6,365600
6360,6380,6,368240
6380,6400,6,370880
6400,6420,6,373520
6420,6440,6,376160
6440,6460,6,378800
6460,6480,6,381440
6480,6500,6,384080
6500,6520,6,386720
6520,6540,6,389360
6540,6560,6,392000
6560,6580,6,394640
6580,6600,6,397280
6600,6620,6,399920
6620,6640,6,402560
6640,6660,6,405200
6660,6680,6,407840
6680,6700,6,410480
6700,6720,6,413120
6720,6740,6,415760
6740,6760,6,418400
6760,6780,6,421040
6780,6800,6,423680
6800,6820,6,426320
6820,6840,6,428960
6840,6860,6,431600
6860,6880,6,434240
6880,6900,6,436880
6900,6920,6,439520
6920,6940,6,442160
6940,6960,6,444800
6960,6980,6,447440
6980,7000,6,450080
7000,7020,6,452720
7020,7040,6,455360
7040,7060,6,458000
7060,7080,6,460640
7080,7100,6,463280
7100,7120,6,465920
7120,7140,6,468560
7140,7160,6,471200
7160,7180,6,473840
7180,7200,6,476480
7200,7220,6,479590
7220,7240,6,483810
7240,7260,6,488040
7260,7280,6,492260
7280,7300,6,496480
7300,7320,6,500710
7320,7340,6,504930
7340,7360,6,509160
7360,7380,6,513380
7380,7400,6,517600
7400,7420,6,521830
7420,7440,6,526050
7440,7460,6,530280
7460,7480,6,534500
7480,7500,6,538720
7500,7520,6,542950
7520,7540,6,547170
7540,7560,6,551400
7560,7580,6,555620
7580,7600,6,559840
7600,7620,6,564070
7620,7640,6,568290
7640,7660,6,572520
7660,7680,6,576740
7680,7700,6,580960
7700,7720,6,585190
7720,7740,6,589410
7740,7760,6,593640
7760,7780,6,597860
7780,7800,6,602080
7800,7820,6,606310
7820,7840,6,610530
7840,7860,6,614760
7860,7880,6,618980
7880,7900,6,623200
7900,7920,6,627430
7920,7940,6,631650
7940,7960,6,635880
7960,7980,6,640100
7980,8000,6,644320
8000,8020,6,648550
8020,8040,6,652770
8040,8060,6,657000
8060,8080,6,661220
8080,8100,6,665440
8100,8120,6,669670
8120,8140,6,673890
8140,8160,6,678120
8160,8180,6,682340
8180,8200,6,686560
8200,8220,6,690790
8220,8240,6,695010
8240,8260,6,699240
8260,8280,6,703460
8280,8300,6,707680
8300,8320,6,711910
8320,8340,6,716130
8340,8360,6,720480
8360,8380,6,724840
8380,8400,6,729210
8400,8420,6,733580
8420,8440,6,737950
8440,8460,6,742320
8460,8480,6,746680
8480,8500,6,751050
8500,8520,6,755420
8520,8540,6,759790
8540,8560,6,764160
8560,8580,6,768520
8580,8600,6,772890
8600,8620,6,777260
8620,8640,6,781630
8640,8660,6,786000
8660,8680,6,790360
8680,8700,6,794730
8700,8720,6,799100
8720,8740,6,803470
8740,8760,6,807840
8760,8780,6,812200
8780,8800,6,816570
8800,8820,6,820940
8820,8840,6,825310
8840,8860,6,829680
8860,8880,6,834040
8880,8900,6,838410
8900,8920,6,842780
8920,8940,6,847150
8940,8960,6,851520
8960,8980,6,855880
8980,9000,6,860250
9000,9020,6,864620
9020,9040,6,868990
9040,9060,6,873360
9060,9080,6,877720
9080,9100,6,882090
9100,9120,6,886460
9120,9140,6,890830
9140,9160,6,895200
9160,9180,6,899560
9180,9200,6,903930
9200,9220,6,908300
9220,9240,6,912670
9240,9260,6,917040
9260,9280,6,921400
9280,9300,6,925770
9300,9320,6,930140
9320,9340,6,934510
9340,9360,6,938880
9360,9380,6,943240
9380,9400,6,947610
9400,9420,6,951980
9420,9440,6,956350
9440,9460,6,960720
9460,9480,6,965080
9480,9500,6,969450
9500,9520,6,973820
9520,9540,6,978190
9540,9560,6,982560
9560,9580,6,986920
9580,9600,6,991290
9600,9620,6,995660
9620,9640,6,1000030
9640,9660,6,1004400
9660,9680,6,1008760
9680,9700,6,1013130
9700,9720,6,1017500
9720,9740,6,1021870
9740,9760,6,1026240
9760,9780,6,1030600
9780,9800,6,1034970
9800,9820,6,1039340
9820,9840,6,1043710
9840,9860,6,1048080
9860,9880,6,1052440
9880,9900,6,1056810
9900,9920,6,1061180
9920,9940,6,1065550
9940,9960,6,1069920
9960,9980,6,1074280
9980,10000,6,1078650
